,plate_id_modified,Plate Target ID,subset_name,sample_id,resequenced_id,Non-distortionary g-value,Distortionary g-value,unique_name,,Plate Target ID
54674,1,VEGFA,Negative Control non_watermark_0.1,Backbone 11,4,0.4857971072,0.5217391253,PDW_0811,,VEGFA
54853,1,VEGFA,non_watermark_0.1,Backbone 0,0,0.5170000196,0.6125000119,PDW_0812,,VEGFA
9494,1,VEGFA,non_watermark_0.1,Backbone 0,1,0.5190361738,0.5783132315,PDW_0813,,VEGFA
3290,1,VEGFA,non_watermark_0.1,Backbone 0,2,0.5011764765,0.5647059083,PDW_0814,,VEGFA
32491,1,VEGFA,non_watermark_0.1,Backbone 0,3,0.5055421591,0.5662650466,PDW_0815,,VEGFA
54834,1,VEGFA,non_watermark_0.1,Backbone 0,4,0.5014634132,0.5121951103,PDW_0816,,VEGFA
0,1,VEGFA,Parent Sequence,Backbone 0,5,0.4995121956,0.3902438879,PDW_0817,,VEGFA
39529,1,VEGFA,non_watermark_0.1,Backbone 1,0,0.5235714316,0.571428597,PDW_0818,,VEGFA
39170,1,VEGFA,non_watermark_0.1,Backbone 1,1,0.5103703737,0.537037015,PDW_0819,,VEGFA
61802,1,VEGFA,non_watermark_0.1,Backbone 1,2,0.5115789771,0.561403513,PDW_0820,,VEGFA
14121,1,VEGFA,non_watermark_0.1,Backbone 1,3,0.5066666603,0.561403513,PDW_0821,,VEGFA
39281,1,VEGFA,non_watermark_0.1,Backbone 1,4,0.5128571391,0.553571403,PDW_0822,,VEGFA
1,1,VEGFA,Parent Sequence,Backbone 1,5,0.5228571296,0.553571403,PDW_0823,,VEGFA
50075,1,VEGFA,non_watermark_0.1,Backbone 2,0,0.5127927661,0.4504504502,PDW_0824,,VEGFA
50487,1,VEGFA,non_watermark_0.1,Backbone 2,1,0.516756773,0.4414414465,PDW_0825,,VEGFA
38665,1,VEGFA,non_watermark_0.1,Backbone 2,2,0.5001834631,0.4954128563,PDW_0826,,VEGFA
6618,1,VEGFA,non_watermark_0.1,Backbone 2,3,0.5073873997,0.4594594538,PDW_0827,,VEGFA
61696,1,VEGFA,non_watermark_0.1,Backbone 2,4,0.5153152943,0.5315315127,PDW_0828,,VEGFA
3,1,VEGFA,Parent Sequence,Backbone 2,5,0.5041441321,0.5225225091,PDW_0829,,VEGFA
15900,1,VEGFA,non_watermark_0.1,Backbone 3,0,0.4986206889,0.4482758641,PDW_0830,,VEGFA
2094,1,VEGFA,non_watermark_0.1,Backbone 3,1,0.501565218,0.4521739185,PDW_0831,,VEGFA
64242,1,VEGFA,non_watermark_0.1,Backbone 3,2,0.4936842024,0.4649122953,PDW_0832,,VEGFA
53058,1,VEGFA,non_watermark_0.1,Backbone 3,3,0.4906896651,0.4741379321,PDW_0833,,VEGFA
15755,1,VEGFA,non_watermark_0.1,Backbone 3,4,0.4905982912,0.5042735338,PDW_0834,,VEGFA
4,1,VEGFA,Parent Sequence,Backbone 3,5,0.5107437968,0.5041322112,PDW_0835,,VEGFA
28924,1,VEGFA,non_watermark_0.1,Backbone 4,0,0.4832432568,0.4774774909,PDW_0836,,VEGFA
28813,1,VEGFA,non_watermark_0.1,Backbone 4,1,0.5042201877,0.5137614608,PDW_0837,,VEGFA
63046,1,VEGFA,non_watermark_0.1,Backbone 4,2,0.4956190586,0.4571428597,PDW_0838,,VEGFA
33788,1,VEGFA,non_watermark_0.1,Backbone 4,3,0.4822222292,0.5185185075,PDW_0839,,VEGFA
28856,1,VEGFA,non_watermark_0.1,Backbone 4,4,0.4962962866,0.5185185075,PDW_0840,,VEGFA
5,1,VEGFA,Parent Sequence,Backbone 4,5,0.4992727339,0.4727272689,PDW_0841,,VEGFA
35777,1,VEGFA,non_watermark_0.1,Backbone 5,0,0.4938181937,0.4363636374,PDW_0842,,VEGFA
69958,1,VEGFA,non_watermark_0.1,Backbone 5,1,0.4938053191,0.5221238732,PDW_0843,,VEGFA
36151,1,VEGFA,non_watermark_0.1,Backbone 5,2,0.5053571463,0.5357142687,PDW_0844,,VEGFA
69846,1,VEGFA,non_watermark_0.1,Backbone 5,3,0.4932142794,0.5446428657,PDW_0845,,VEGFA
6,1,VEGFA,Parent Sequence,Backbone 5,5,0.4885714352,0.508928597,PDW_0846,,VEGFA
44453,1,VEGFA,non_watermark_0.1,Backbone 6,0,0.4942148626,0.5702479482,PDW_0847,,VEGFA
21493,1,VEGFA,non_watermark_0.1,Backbone 6,1,0.4991452992,0.5213675499,PDW_0848,,VEGFA
31560,1,VEGFA,non_watermark_0.1,Backbone 6,2,0.4882758558,0.4741379321,PDW_0849,,VEGFA
2535,1,VEGFA,non_watermark_0.1,Backbone 6,3,0.4874336421,0.5309734344,PDW_0850,,VEGFA
62811,1,VEGFA,non_watermark_0.1,Backbone 6,4,0.4904347956,0.4608695507,PDW_0851,,VEGFA
7,1,VEGFA,Parent Sequence,Backbone 6,5,0.5063333511,0.5500000119,PDW_0852,,VEGFA
44487,1,VEGFA,non_watermark_0.1,Backbone 7,0,0.5155555606,0.5042735338,PDW_0853,,VEGFA
34001,1,VEGFA,non_watermark_0.1,Backbone 7,1,0.50386554,0.4789915979,PDW_0854,,VEGFA
33946,1,VEGFA,non_watermark_0.1,Backbone 7,2,0.5102521181,0.4369747937,PDW_0855,,VEGFA
5139,1,VEGFA,non_watermark_0.1,Backbone 7,3,0.5120689869,0.4913793206,PDW_0856,,VEGFA
57687,1,VEGFA,non_watermark_0.1,Backbone 7,4,0.4961403608,0.4824561477,PDW_0857,,VEGFA
8,1,VEGFA,Parent Sequence,Backbone 7,5,0.5036666393,0.5249999762,PDW_0858,,VEGFA
56592,1,VEGFA,non_watermark_0.1,Backbone 8,0,0.4970873892,0.5436893106,PDW_0859,,VEGFA
55534,1,VEGFA,non_watermark_0.1,Backbone 8,1,0.5071844459,0.4757281542,PDW_0860,,VEGFA
4703,1,VEGFA,non_watermark_0.1,Backbone 8,2,0.4895412922,0.4862385392,PDW_0861,,VEGFA
32868,1,VEGFA,non_watermark_0.1,Backbone 8,3,0.5097143054,0.5238095522,PDW_0862,,VEGFA
9733,1,VEGFA,non_watermark_0.1,Backbone 8,4,0.5070475936,0.4761904776,PDW_0863,,VEGFA
9,1,VEGFA,Parent Sequence,Backbone 8,5,0.4994392395,0.4485981166,PDW_0864,,VEGFA
70339,1,VEGFA,non_watermark_0.1,Backbone 9,0,0.4968000054,0.5099999905,PDW_0865,,VEGFA
29995,1,VEGFA,non_watermark_0.1,Backbone 9,1,0.5005940795,0.544554472,PDW_0866,,VEGFA
30686,1,VEGFA,non_watermark_0.1,Backbone 9,2,0.5033962131,0.490566045,PDW_0867,,VEGFA
15599,1,VEGFA,non_watermark_0.1,Backbone 9,3,0.5039215684,0.490196079,PDW_0868,,VEGFA
69196,1,VEGFA,non_watermark_0.1,Backbone 9,4,0.5112380981,0.4761904776,PDW_0869,,VEGFA
10,1,VEGFA,Parent Sequence,Backbone 9,5,0.4911711812,0.5945945978,PDW_0870,,VEGFA
13192,1,VEGFA,non_watermark_0.1,Backbone 10,0,0.5171681643,0.4247787595,PDW_0871,,VEGFA
37204,1,VEGFA,non_watermark_0.1,Backbone 10,1,0.5061818361,0.3818181753,PDW_0872,,VEGFA
70669,1,VEGFA,non_watermark_0.1,Backbone 10,2,0.5052631497,0.4824561477,PDW_0873,,VEGFA
49488,1,VEGFA,non_watermark_0.1,Backbone 10,3,0.516869545,0.4086956382,PDW_0874,,VEGFA
49364,1,VEGFA,non_watermark_0.1,Backbone 10,4,0.5081080794,0.4504504502,PDW_0875,,VEGFA
11,1,VEGFA,Parent Sequence,Backbone 10,5,0.5076106191,0.513274312,PDW_0876,,VEGFA
11990,1,VEGFA,non_watermark_0.1,Backbone 11,0,0.5081739426,0.5217391253,PDW_0877,,VEGFA
58035,1,VEGFA,non_watermark_0.1,Backbone 11,1,0.5042735338,0.4871794879,PDW_0878,,VEGFA
68884,1,VEGFA,non_watermark_0.1,Backbone 11,2,0.5007143021,0.5267857313,PDW_0879,,VEGFA
48160,1,VEGFA,non_watermark_0.1,Backbone 11,3,0.5008547306,0.547008574,PDW_0880,,VEGFA
68536,1,VEGFA,non_watermark_0.1,Backbone 11,4,0.4954954982,0.5135135055,PDW_0881,,VEGFA
12,1,VEGFA,Parent Sequence,Backbone 11,5,0.5028571486,0.5793650746,PDW_0882,,VEGFA
5353,1,VEGFA,non_watermark_0.1,Backbone 12,0,0.4964102507,0.555555582,PDW_0883,,VEGFA
34645,1,VEGFA,non_watermark_0.1,Backbone 12,1,0.4965517223,0.5086206794,PDW_0884,,VEGFA
34751,1,VEGFA,non_watermark_0.1,Backbone 12,2,0.4900000095,0.5344827771,PDW_0885,,VEGFA
34830,1,VEGFA,non_watermark_0.1,Backbone 12,3,0.503103435,0.5258620977,PDW_0886,,VEGFA
5313,1,VEGFA,non_watermark_0.1,Backbone 12,4,0.4987610579,0.5309734344,PDW_0887,,VEGFA
13,1,VEGFA,Parent Sequence,Backbone 12,5,0.4925423861,0.5593220592,PDW_0888,,VEGFA
61287,1,VEGFA,non_watermark_0.1,Backbone 13,0,0.5033333302,0.472222209,PDW_0889,,VEGFA
71661,1,VEGFA,non_watermark_0.1,Backbone 13,1,0.4970873892,0.5048543811,PDW_0890,,VEGFA
29519,1,VEGFA,non_watermark_0.1,Backbone 13,2,0.4970370233,0.5185185075,PDW_0891,,VEGFA
63154,1,VEGFA,non_watermark_0.1,Backbone 13,3,0.497307688,0.5288461447,PDW_0892,,VEGFA
71622,1,VEGFA,non_watermark_0.1,Backbone 13,4,0.4945454597,0.5181818008,PDW_0893,,VEGFA
14,1,VEGFA,Parent Sequence,Backbone 13,5,0.495714277,0.4196428657,PDW_0894,,VEGFA
67608,1,VEGFA,non_watermark_0.1,Backbone 14,0,0.4977049232,0.5081967115,PDW_0895,,VEGFA
55964,1,VEGFA,non_watermark_0.1,Backbone 14,1,0.5160655975,0.5737704635,PDW_0896,,VEGFA
18516,1,VEGFA,non_watermark_0.1,Backbone 14,2,0.4966666698,0.5,PDW_0897,,VEGFA
17907,1,VEGFA,non_watermark_0.1,Backbone 14,3,0.488524586,0.4590163827,PDW_0898,,VEGFA
4668,1,VEGFA,non_watermark_0.1,Backbone 14,4,0.4946666658,0.5333333611,PDW_0899,,VEGFA
2,1,VEGFA,Parent Sequence,Backbone 14,5,0.4913333356,0.4499999881,PDW_0900,,VEGFA
63819,2,VEGFA,Negative Control watermark_0.1,Backbone 11,4,,0.8405796885,PDW_0901,,VEGFA
64750,2,VEGFA,watermark_0.1,Backbone 0,0,,0.8072289228,PDW_0902,,VEGFA
54254,2,VEGFA,watermark_0.1,Backbone 0,1,,0.7831325531,PDW_0903,,VEGFA
16321,2,VEGFA,watermark_0.1,Backbone 0,2,,0.7764706016,PDW_0904,,VEGFA
16480,2,VEGFA,watermark_0.1,Backbone 0,3,,0.7647058964,PDW_0905,,VEGFA
22675,2,VEGFA,watermark_0.1,Backbone 0,4,,0.8117647171,PDW_0906,,VEGFA
42423,2,VEGFA,watermark_0.1,Backbone 0,5,,0.8139534593,PDW_0907,,VEGFA
20745,2,VEGFA,watermark_0.1,Backbone 1,0,,0.7321428657,PDW_0908,,VEGFA
61264,2,VEGFA,watermark_0.1,Backbone 1,1,,0.7368420959,PDW_0909,,VEGFA
61291,2,VEGFA,watermark_0.1,Backbone 1,2,,0.8181818128,PDW_0910,,VEGFA
72603,2,VEGFA,watermark_0.1,Backbone 1,3,,0.7543859482,PDW_0911,,VEGFA
56199,2,VEGFA,watermark_0.1,Backbone 1,4,,0.7592592835,PDW_0912,,VEGFA
20755,2,VEGFA,watermark_0.1,Backbone 1,5,,0.821428597,PDW_0913,,VEGFA
48534,2,VEGFA,watermark_0.1,Backbone 2,0,,0.819819808,PDW_0914,,VEGFA
37186,2,VEGFA,watermark_0.1,Backbone 2,1,,0.803571403,PDW_0915,,VEGFA
71435,2,VEGFA,watermark_0.1,Backbone 2,2,,0.7894737124,PDW_0916,,VEGFA
71453,2,VEGFA,watermark_0.1,Backbone 2,3,,0.7321428657,PDW_0917,,VEGFA
26873,2,VEGFA,watermark_0.1,Backbone 2,4,,0.8000000119,PDW_0918,,VEGFA
20094,2,VEGFA,watermark_0.1,Backbone 2,5,,0.821428597,PDW_0919,,VEGFA
67531,2,VEGFA,watermark_0.1,Backbone 3,0,,0.75,PDW_0920,,VEGFA
34299,2,VEGFA,watermark_0.1,Backbone 3,1,,0.7398374081,PDW_0921,,VEGFA
10763,2,VEGFA,watermark_0.1,Backbone 3,2,,0.7288135886,PDW_0922,,VEGFA
45198,2,VEGFA,watermark_0.1,Backbone 3,3,,0.7394958138,PDW_0923,,VEGFA
3894,2,VEGFA,watermark_0.1,Backbone 3,4,,0.7560975552,PDW_0924,,VEGFA
24771,2,VEGFA,watermark_0.1,Backbone 3,5,,0.788617909,PDW_0925,,VEGFA
14877,2,VEGFA,watermark_0.1,Backbone 4,0,,0.8235294223,PDW_0926,,VEGFA
62189,2,VEGFA,watermark_0.1,Backbone 4,1,,0.8070175648,PDW_0927,,VEGFA
51696,2,VEGFA,watermark_0.1,Backbone 4,2,,0.7983193398,PDW_0928,,VEGFA
51960,2,VEGFA,watermark_0.1,Backbone 4,3,,0.8275862336,PDW_0929,,VEGFA
28647,2,VEGFA,watermark_0.1,Backbone 4,4,,0.7711864114,PDW_0930,,VEGFA
14985,2,VEGFA,watermark_0.1,Backbone 4,5,,0.8067227006,PDW_0931,,VEGFA
46803,2,VEGFA,watermark_0.1,Backbone 5,0,,0.7610619664,PDW_0932,,VEGFA
59173,2,VEGFA,watermark_0.1,Backbone 5,1,,0.7699115276,PDW_0933,,VEGFA
19378,2,VEGFA,watermark_0.1,Backbone 5,2,,0.8245614171,PDW_0934,,VEGFA
69287,2,VEGFA,watermark_0.1,Backbone 5,3,,0.7807017565,PDW_0935,,VEGFA
11702,2,VEGFA,watermark_0.1,Backbone 5,5,,0.7739130259,PDW_0936,,VEGFA
14210,2,VEGFA,watermark_0.1,Backbone 6,0,,0.7272727489,PDW_0937,,VEGFA
14322,2,VEGFA,watermark_0.1,Backbone 6,1,,0.7226890922,PDW_0938,,VEGFA
14252,2,VEGFA,watermark_0.1,Backbone 6,2,,0.7264957428,PDW_0939,,VEGFA
17944,2,VEGFA,watermark_0.1,Backbone 6,3,,0.7881355882,PDW_0940,,VEGFA
14147,2,VEGFA,watermark_0.1,Backbone 6,4,,0.7380952239,PDW_0941,,VEGFA
14306,2,VEGFA,watermark_0.1,Backbone 6,5,,0.7333333492,PDW_0942,,VEGFA
15846,2,VEGFA,watermark_0.1,Backbone 7,0,,0.7416666746,PDW_0943,,VEGFA
23336,2,VEGFA,watermark_0.1,Backbone 7,1,,0.8135592937,PDW_0944,,VEGFA
55525,2,VEGFA,watermark_0.1,Backbone 7,2,,0.8429751992,PDW_0945,,VEGFA
21726,2,VEGFA,watermark_0.1,Backbone 7,3,,0.8114753962,PDW_0946,,VEGFA
2416,2,VEGFA,watermark_0.1,Backbone 7,4,,0.7731092572,PDW_0947,,VEGFA
65357,2,VEGFA,watermark_0.1,Backbone 7,5,,0.788617909,PDW_0948,,VEGFA
37622,2,VEGFA,watermark_0.1,Backbone 8,0,,0.7641509175,PDW_0949,,VEGFA
72175,2,VEGFA,watermark_0.1,Backbone 8,1,,0.7363636494,PDW_0950,,VEGFA
27318,2,VEGFA,watermark_0.1,Backbone 8,2,,0.7289719582,PDW_0951,,VEGFA
38681,2,VEGFA,watermark_0.1,Backbone 8,3,,0.743362844,PDW_0952,,VEGFA
72043,2,VEGFA,watermark_0.1,Backbone 8,4,,0.7387387156,PDW_0953,,VEGFA
47415,2,VEGFA,watermark_0.1,Backbone 8,5,,0.7889908552,PDW_0954,,VEGFA
61491,2,VEGFA,watermark_0.1,Backbone 9,0,,0.738317728,PDW_0955,,VEGFA
22286,2,VEGFA,watermark_0.1,Backbone 9,1,,0.777777791,PDW_0956,,VEGFA
41627,2,VEGFA,watermark_0.1,Backbone 9,2,,0.7851239443,PDW_0957,,VEGFA
1537,2,VEGFA,watermark_0.1,Backbone 9,3,,0.7857142687,PDW_0958,,VEGFA
30303,2,VEGFA,watermark_0.1,Backbone 9,4,,0.7543859482,PDW_0959,,VEGFA
30530,2,VEGFA,watermark_0.1,Backbone 9,5,,0.75,PDW_0960,,VEGFA
56254,2,VEGFA,watermark_0.1,Backbone 10,0,,0.7652173638,PDW_0961,,VEGFA
56484,2,VEGFA,watermark_0.1,Backbone 10,1,,0.8086956739,PDW_0962,,VEGFA
10382,2,VEGFA,watermark_0.1,Backbone 10,2,,0.8108108044,PDW_0963,,VEGFA
56487,2,VEGFA,watermark_0.1,Backbone 10,3,,0.8407079577,PDW_0964,,VEGFA
5426,2,VEGFA,watermark_0.1,Backbone 10,4,,0.7565217614,PDW_0965,,VEGFA
17827,2,VEGFA,watermark_0.1,Backbone 10,5,,0.8189654946,PDW_0966,,VEGFA
26030,2,VEGFA,watermark_0.1,Backbone 11,0,,0.8220338821,PDW_0967,,VEGFA
69957,2,VEGFA,watermark_0.1,Backbone 11,1,,0.8320000172,PDW_0968,,VEGFA
17989,2,VEGFA,watermark_0.1,Backbone 11,2,,0.8141592741,PDW_0969,,VEGFA
56719,2,VEGFA,watermark_0.1,Backbone 11,3,,0.8135592937,PDW_0970,,VEGFA
18019,2,VEGFA,watermark_0.1,Backbone 11,4,,0.8000000119,PDW_0971,,VEGFA
44314,2,VEGFA,watermark_0.1,Backbone 11,5,,0.8617886305,PDW_0972,,VEGFA
68682,2,VEGFA,watermark_0.1,Backbone 12,0,,0.8189654946,PDW_0973,,VEGFA
18644,2,VEGFA,watermark_0.1,Backbone 12,1,,0.7606837749,PDW_0974,,VEGFA
35037,2,VEGFA,watermark_0.1,Backbone 12,2,,0.8264462948,PDW_0975,,VEGFA
59714,2,VEGFA,watermark_0.1,Backbone 12,3,,0.7704917789,PDW_0976,,VEGFA
59786,2,VEGFA,watermark_0.1,Backbone 12,4,,0.7719298005,PDW_0977,,VEGFA
19928,2,VEGFA,watermark_0.1,Backbone 12,5,,0.7583333254,PDW_0978,,VEGFA
15776,2,VEGFA,watermark_0.1,Backbone 13,0,,0.7699115276,PDW_0979,,VEGFA
63025,2,VEGFA,watermark_0.1,Backbone 13,1,,0.8376068473,PDW_0980,,VEGFA
63155,2,VEGFA,watermark_0.1,Backbone 13,2,,0.7787610888,PDW_0981,,VEGFA
8583,2,VEGFA,watermark_0.1,Backbone 13,3,,0.8108108044,PDW_0982,,VEGFA
53338,2,VEGFA,watermark_0.1,Backbone 13,4,,0.8245614171,PDW_0983,,VEGFA
15585,2,VEGFA,watermark_0.1,Backbone 13,5,,0.8303571343,PDW_0984,,VEGFA
23861,2,VEGFA,watermark_0.1,Backbone 14,0,,0.7619047761,PDW_0985,,VEGFA
55791,2,VEGFA,watermark_0.1,Backbone 14,1,,0.7903226018,PDW_0986,,VEGFA
66450,2,VEGFA,watermark_0.1,Backbone 14,2,,0.8095238209,PDW_0987,,VEGFA
44066,2,VEGFA,watermark_0.1,Backbone 14,3,,0.793650806,PDW_0988,,VEGFA
65945,2,VEGFA,watermark_0.1,Backbone 14,4,,0.8064516187,PDW_0989,,VEGFA
61133,2,VEGFA,watermark_0.1,Backbone 14,5,,0.796875,PDW_0990,,VEGFA
76219,3,VEGFA,Negative Control watermark_0.5,Backbone 11,4,0.5729729533,,PDW_0991,,VEGFA
23387,3,VEGFA,watermark_0.5,Backbone 0,0,0.5506666899,,PDW_0992,,VEGFA
23211,3,VEGFA,watermark_0.5,Backbone 0,1,0.5468181968,,PDW_0993,,VEGFA
64901,3,VEGFA,watermark_0.5,Backbone 0,2,0.5465116501,,PDW_0994,,VEGFA
23312,3,VEGFA,watermark_0.5,Backbone 0,3,0.550222218,,PDW_0995,,VEGFA
65098,3,VEGFA,watermark_0.5,Backbone 0,4,0.5477272868,,PDW_0996,,VEGFA
22993,3,VEGFA,watermark_0.5,Backbone 0,5,0.5519999862,,PDW_0997,,VEGFA
72175,3,VEGFA,watermark_0.5,Backbone 1,0,0.5476363897,,PDW_0998,,VEGFA
72682,3,VEGFA,watermark_0.5,Backbone 1,1,0.5635714531,,PDW_0999,,VEGFA
28137,3,VEGFA,watermark_0.5,Backbone 1,2,0.5492857099,,PDW_1000,,VEGFA
28136,3,VEGFA,watermark_0.5,Backbone 1,3,0.550714314,,PDW_1001,,VEGFA
72108,3,VEGFA,watermark_0.5,Backbone 1,4,0.5671428442,,PDW_1002,,VEGFA
61322,3,VEGFA,watermark_0.5,Backbone 1,5,0.5457142591,,PDW_1003,,VEGFA
49673,3,VEGFA,watermark_0.5,Backbone 2,0,0.5493805408,,PDW_1004,,VEGFA
49523,3,VEGFA,watermark_0.5,Backbone 2,1,0.5506306291,,PDW_1005,,VEGFA
49461,3,VEGFA,watermark_0.5,Backbone 2,2,0.5458182096,,PDW_1006,,VEGFA
71640,3,VEGFA,watermark_0.5,Backbone 2,3,0.5518584251,,PDW_1007,,VEGFA
70756,3,VEGFA,watermark_0.5,Backbone 2,4,0.5484684706,,PDW_1008,,VEGFA
70912,3,VEGFA,watermark_0.5,Backbone 2,5,0.5451852083,,PDW_1009,,VEGFA
10225,3,VEGFA,watermark_0.5,Backbone 3,0,0.563839972,,PDW_1010,,VEGFA
33580,3,VEGFA,watermark_0.5,Backbone 3,1,0.5553333163,,PDW_1011,,VEGFA
29149,3,VEGFA,watermark_0.5,Backbone 3,2,0.5492063761,,PDW_1012,,VEGFA
67819,3,VEGFA,watermark_0.5,Backbone 3,3,0.5535483956,,PDW_1013,,VEGFA
33868,3,VEGFA,watermark_0.5,Backbone 3,4,0.5616129041,,PDW_1014,,VEGFA
45103,3,VEGFA,watermark_0.5,Backbone 3,5,0.5600000024,,PDW_1015,,VEGFA
65714,3,VEGFA,watermark_0.5,Backbone 4,0,0.5483760834,,PDW_1016,,VEGFA
66061,3,VEGFA,watermark_0.5,Backbone 4,1,0.5576271415,,PDW_1017,,VEGFA
65685,3,VEGFA,watermark_0.5,Backbone 4,2,0.5637606978,,PDW_1018,,VEGFA
53399,3,VEGFA,watermark_0.5,Backbone 4,3,0.5466666818,,PDW_1019,,VEGFA
66056,3,VEGFA,watermark_0.5,Backbone 4,4,0.5479310155,,PDW_1020,,VEGFA
66092,3,VEGFA,watermark_0.5,Backbone 4,5,0.5519999862,,PDW_1021,,VEGFA
25888,3,VEGFA,watermark_0.5,Backbone 5,0,0.5572413802,,PDW_1022,,VEGFA
68458,3,VEGFA,watermark_0.5,Backbone 5,1,0.5498245358,,PDW_1023,,VEGFA
46789,3,VEGFA,watermark_0.5,Backbone 5,2,0.5487719178,,PDW_1024,,VEGFA
25443,3,VEGFA,watermark_0.5,Backbone 5,3,0.5518584251,,PDW_1025,,VEGFA
46594,3,VEGFA,watermark_0.5,Backbone 5,5,0.5511504412,,PDW_1026,,VEGFA
45708,3,VEGFA,watermark_0.5,Backbone 6,0,0.5488135815,,PDW_1027,,VEGFA
7957,3,VEGFA,watermark_0.5,Backbone 6,1,0.5503448248,,PDW_1028,,VEGFA
11120,3,VEGFA,watermark_0.5,Backbone 6,2,0.5497435927,,PDW_1029,,VEGFA
29568,3,VEGFA,watermark_0.5,Backbone 6,3,0.5475409627,,PDW_1030,,VEGFA
67895,3,VEGFA,watermark_0.5,Backbone 6,4,0.5472269058,,PDW_1031,,VEGFA
52038,3,VEGFA,watermark_0.5,Backbone 6,5,0.546554625,,PDW_1032,,VEGFA
21643,3,VEGFA,watermark_0.5,Backbone 7,0,0.5528455377,,PDW_1033,,VEGFA
21651,3,VEGFA,watermark_0.5,Backbone 7,1,0.5570731759,,PDW_1034,,VEGFA
21426,3,VEGFA,watermark_0.5,Backbone 7,2,0.5557377338,,PDW_1035,,VEGFA
62348,3,VEGFA,watermark_0.5,Backbone 7,3,0.5540983677,,PDW_1036,,VEGFA
28503,3,VEGFA,watermark_0.5,Backbone 7,4,0.5695867538,,PDW_1037,,VEGFA
705,3,VEGFA,watermark_0.5,Backbone 7,5,0.5487096906,,PDW_1038,,VEGFA
9255,3,VEGFA,watermark_0.5,Backbone 8,0,0.5509433746,,PDW_1039,,VEGFA
24036,3,VEGFA,watermark_0.5,Backbone 8,1,0.552631557,,PDW_1040,,VEGFA
36181,3,VEGFA,watermark_0.5,Backbone 8,2,0.5490598083,,PDW_1041,,VEGFA
22763,3,VEGFA,watermark_0.5,Backbone 8,3,0.5520720482,,PDW_1042,,VEGFA
41073,3,VEGFA,watermark_0.5,Backbone 8,4,0.5515044332,,PDW_1043,,VEGFA
30066,3,VEGFA,watermark_0.5,Backbone 8,5,0.5464220047,,PDW_1044,,VEGFA
22169,3,VEGFA,watermark_0.5,Backbone 9,0,0.5589285493,,PDW_1045,,VEGFA
28189,3,VEGFA,watermark_0.5,Backbone 9,1,0.5469026566,,PDW_1046,,VEGFA
1144,3,VEGFA,watermark_0.5,Backbone 9,2,0.552727282,,PDW_1047,,VEGFA
14387,3,VEGFA,watermark_0.5,Backbone 9,3,0.558584094,,PDW_1048,,VEGFA
39919,3,VEGFA,watermark_0.5,Backbone 9,4,0.549565196,,PDW_1049,,VEGFA
61566,3,VEGFA,watermark_0.5,Backbone 9,5,0.5566666722,,PDW_1050,,VEGFA
59284,3,VEGFA,watermark_0.5,Backbone 10,0,0.5560360551,,PDW_1051,,VEGFA
11915,3,VEGFA,watermark_0.5,Backbone 10,1,0.5473684072,,PDW_1052,,VEGFA
26174,3,VEGFA,watermark_0.5,Backbone 10,2,0.5478571653,,PDW_1053,,VEGFA
12237,3,VEGFA,watermark_0.5,Backbone 10,3,0.5519298315,,PDW_1054,,VEGFA
19996,3,VEGFA,watermark_0.5,Backbone 10,4,0.5506086946,,PDW_1055,,VEGFA
19604,3,VEGFA,watermark_0.5,Backbone 10,5,0.5547368526,,PDW_1056,,VEGFA
35236,3,VEGFA,watermark_0.5,Backbone 11,0,0.5657142997,,PDW_1057,,VEGFA
19252,3,VEGFA,watermark_0.5,Backbone 11,1,0.5461156964,,PDW_1058,,VEGFA
18832,3,VEGFA,watermark_0.5,Backbone 11,2,0.5566666722,,PDW_1059,,VEGFA
57584,3,VEGFA,watermark_0.5,Backbone 11,3,0.5485246181,,PDW_1060,,VEGFA
10019,3,VEGFA,watermark_0.5,Backbone 11,4,0.5518699288,,PDW_1061,,VEGFA
35249,3,VEGFA,watermark_0.5,Backbone 11,5,0.5547540784,,PDW_1062,,VEGFA
3785,3,VEGFA,watermark_0.5,Backbone 12,0,0.5450847745,,PDW_1063,,VEGFA
24593,3,VEGFA,watermark_0.5,Backbone 12,1,0.5474576354,,PDW_1064,,VEGFA
3510,3,VEGFA,watermark_0.5,Backbone 12,2,0.5457627177,,PDW_1065,,VEGFA
67047,3,VEGFA,watermark_0.5,Backbone 12,3,0.5573109388,,PDW_1066,,VEGFA
24725,3,VEGFA,watermark_0.5,Backbone 12,4,0.5546218753,,PDW_1067,,VEGFA
24326,3,VEGFA,watermark_0.5,Backbone 12,5,0.5519327521,,PDW_1068,,VEGFA
37593,3,VEGFA,watermark_0.5,Backbone 13,0,0.5477777719,,PDW_1069,,VEGFA
26719,3,VEGFA,watermark_0.5,Backbone 13,1,0.5500000119,,PDW_1070,,VEGFA
60174,3,VEGFA,watermark_0.5,Backbone 13,2,0.5500000119,,PDW_1071,,VEGFA
70234,3,VEGFA,watermark_0.5,Backbone 13,3,0.5456880927,,PDW_1072,,VEGFA
26826,3,VEGFA,watermark_0.5,Backbone 13,4,0.5452631712,,PDW_1073,,VEGFA
20290,3,VEGFA,watermark_0.5,Backbone 13,5,0.5491228104,,PDW_1074,,VEGFA
31947,3,VEGFA,watermark_0.5,Backbone 14,0,0.5574193597,,PDW_1075,,VEGFA
66459,3,VEGFA,watermark_0.5,Backbone 14,1,0.5542857051,,PDW_1076,,VEGFA
31700,3,VEGFA,watermark_0.5,Backbone 14,2,0.5593548417,,PDW_1077,,VEGFA
31626,3,VEGFA,watermark_0.5,Backbone 14,3,0.5541935563,,PDW_1078,,VEGFA
43871,3,VEGFA,watermark_0.5,Backbone 14,4,0.546885252,,PDW_1079,,VEGFA
32700,3,VEGFA,watermark_0.5,Backbone 14,5,0.5530158877,,PDW_1080,,VEGFA
58970,4,SARS-CoV-2,non_watermark_0.1,Backbone 0,0,0.4905263186,0.4210526347,PDW_1081,,SARS-CoV-2
26561,4,SARS-CoV-2,non_watermark_0.1,Backbone 0,1,0.5010989308,0.4725274742,PDW_1082,,SARS-CoV-2
26002,4,SARS-CoV-2,non_watermark_0.1,Backbone 0,2,0.4842553139,0.4255319238,PDW_1083,,SARS-CoV-2
59039,4,SARS-CoV-2,non_watermark_0.1,Backbone 0,3,0.4955789447,0.4947368503,PDW_1084,,SARS-CoV-2
58896,4,SARS-CoV-2,non_watermark_0.1,Backbone 0,4,0.494623661,0.4623655975,PDW_1085,,SARS-CoV-2
6,4,SARS-CoV-2,Parent Sequence,Backbone 0,5,0.5257142782,0.4945054948,PDW_1086,,SARS-CoV-2
72482,4,SARS-CoV-2,non_watermark_0.1,Backbone 1,0,0.4976344109,0.4516128898,PDW_1087,,SARS-CoV-2
71221,4,SARS-CoV-2,non_watermark_0.1,Backbone 1,1,0.5082608461,0.4130434692,PDW_1088,,SARS-CoV-2
71831,4,SARS-CoV-2,non_watermark_0.1,Backbone 1,2,0.5030434728,0.4782608747,PDW_1089,,SARS-CoV-2
48093,4,SARS-CoV-2,non_watermark_0.1,Backbone 1,3,0.4888420999,0.4210526347,PDW_1090,,SARS-CoV-2
60241,4,SARS-CoV-2,non_watermark_0.1,Backbone 1,4,0.5062365532,0.4731182754,PDW_1091,,SARS-CoV-2
7,4,SARS-CoV-2,Parent Sequence,Backbone 1,5,0.4965957403,0.5,PDW_1092,,SARS-CoV-2
71603,4,SARS-CoV-2,non_watermark_0.1,Backbone 2,0,0.4903225899,0.4086021483,PDW_1093,,SARS-CoV-2
59909,4,SARS-CoV-2,non_watermark_0.1,Backbone 2,1,0.5070967674,0.4516128898,PDW_1094,,SARS-CoV-2
59677,4,SARS-CoV-2,non_watermark_0.1,Backbone 2,2,0.4830107391,0.3763440847,PDW_1095,,SARS-CoV-2
58885,4,SARS-CoV-2,non_watermark_0.1,Backbone 2,3,0.5044210553,0.4315789342,PDW_1096,,SARS-CoV-2
26913,4,SARS-CoV-2,non_watermark_0.1,Backbone 2,4,0.4967741966,0.505376339,PDW_1097,,SARS-CoV-2
8,4,SARS-CoV-2,Parent Sequence,Backbone 2,5,0.4978260994,0.4673913121,PDW_1098,,SARS-CoV-2
68672,4,SARS-CoV-2,non_watermark_0.1,Backbone 3,0,0.4781132042,0.4433962405,PDW_1099,,SARS-CoV-2
14991,4,SARS-CoV-2,non_watermark_0.1,Backbone 3,1,0.4982142746,0.4375,PDW_1100,,SARS-CoV-2
14992,4,SARS-CoV-2,non_watermark_0.1,Backbone 3,2,0.5064285994,0.4464285672,PDW_1101,,SARS-CoV-2
23599,4,SARS-CoV-2,non_watermark_0.1,Backbone 3,3,0.4858715534,0.5045871735,PDW_1102,,SARS-CoV-2
29176,4,SARS-CoV-2,non_watermark_0.1,Backbone 3,4,0.490090102,0.5045045018,PDW_1103,,SARS-CoV-2
9,4,SARS-CoV-2,Parent Sequence,Backbone 3,5,0.4925000072,0.508928597,PDW_1104,,SARS-CoV-2
86608,4,SARS-CoV-2,non_watermark_0.1,Backbone 4,0,0.4943859577,0.4736842215,PDW_1105,,SARS-CoV-2
54304,4,SARS-CoV-2,non_watermark_0.1,Backbone 4,1,0.4949565232,0.5130434632,PDW_1106,,SARS-CoV-2
30778,4,SARS-CoV-2,non_watermark_0.1,Backbone 4,2,0.5014035106,0.4912280738,PDW_1107,,SARS-CoV-2
87176,4,SARS-CoV-2,non_watermark_0.1,Backbone 4,3,0.502333343,0.5333333611,PDW_1108,,SARS-CoV-2
62637,4,SARS-CoV-2,non_watermark_0.1,Backbone 4,4,0.4967521429,0.4700854719,PDW_1109,,SARS-CoV-2
10,4,SARS-CoV-2,Parent Sequence,Backbone 4,5,0.4985714257,0.4642857015,PDW_1110,,SARS-CoV-2
67596,4,SARS-CoV-2,non_watermark_0.1,Backbone 5,0,0.5020183325,0.5137614608,PDW_1111,,SARS-CoV-2
22542,4,SARS-CoV-2,non_watermark_0.1,Backbone 5,1,0.5069230795,0.5,PDW_1112,,SARS-CoV-2
11905,4,SARS-CoV-2,non_watermark_0.1,Backbone 5,2,0.501960814,0.5784313679,PDW_1113,,SARS-CoV-2
45292,4,SARS-CoV-2,non_watermark_0.1,Backbone 5,3,0.5057425499,0.5346534848,PDW_1114,,SARS-CoV-2
80268,4,SARS-CoV-2,non_watermark_0.1,Backbone 5,4,0.5103846192,0.538461566,PDW_1115,,SARS-CoV-2
11,4,SARS-CoV-2,Parent Sequence,Backbone 5,5,0.5102803707,0.5794392228,PDW_1116,,SARS-CoV-2
32630,4,SARS-CoV-2,non_watermark_0.1,Backbone 6,0,0.4940259755,0.4545454681,PDW_1117,,SARS-CoV-2
55109,4,SARS-CoV-2,non_watermark_0.1,Backbone 6,1,0.5139240623,0.4936708808,PDW_1118,,SARS-CoV-2
29157,4,SARS-CoV-2,non_watermark_0.1,Backbone 6,2,0.5068354607,0.5822784901,PDW_1119,,SARS-CoV-2
29154,4,SARS-CoV-2,non_watermark_0.1,Backbone 6,3,0.497721523,0.4936708808,PDW_1120,,SARS-CoV-2
61077,4,SARS-CoV-2,non_watermark_0.1,Backbone 6,4,0.5012658238,0.5696202517,PDW_1121,,SARS-CoV-2
12,4,SARS-CoV-2,Parent Sequence,Backbone 6,5,0.4968421161,0.5131579041,PDW_1122,,SARS-CoV-2
44598,4,SARS-CoV-2,non_watermark_0.1,Backbone 7,0,0.488648653,0.5135135055,PDW_1123,,SARS-CoV-2
67354,4,SARS-CoV-2,non_watermark_0.1,Backbone 7,1,0.4839999974,0.5181818008,PDW_1124,,SARS-CoV-2
67072,4,SARS-CoV-2,non_watermark_0.1,Backbone 7,2,0.4753153026,0.54954952,PDW_1125,,SARS-CoV-2
55804,4,SARS-CoV-2,non_watermark_0.1,Backbone 7,3,0.4882242978,0.560747683,PDW_1126,,SARS-CoV-2
66022,4,SARS-CoV-2,non_watermark_0.1,Backbone 7,4,0.4832727313,0.5,PDW_1127,,SARS-CoV-2
13,4,SARS-CoV-2,Parent Sequence,Backbone 7,5,0.5044444203,0.537037015,PDW_1128,,SARS-CoV-2
28388,4,SARS-CoV-2,non_watermark_0.1,Backbone 8,0,0.510877192,0.561403513,PDW_1129,,SARS-CoV-2
52145,4,SARS-CoV-2,non_watermark_0.1,Backbone 8,1,0.4892035425,0.5221238732,PDW_1130,,SARS-CoV-2
39853,4,SARS-CoV-2,non_watermark_0.1,Backbone 8,2,0.5036521554,0.5478261113,PDW_1131,,SARS-CoV-2
85011,4,SARS-CoV-2,non_watermark_0.1,Backbone 8,3,0.4970434904,0.495652169,PDW_1132,,SARS-CoV-2
8330,4,SARS-CoV-2,non_watermark_0.1,Backbone 8,4,0.4962831736,0.5044247508,PDW_1133,,SARS-CoV-2
14,4,SARS-CoV-2,Parent Sequence,Backbone 8,5,0.4862068892,0.4827586114,PDW_1134,,SARS-CoV-2
38733,4,SARS-CoV-2,non_watermark_0.1,Backbone 9,0,0.5008695722,0.4456521869,PDW_1135,,SARS-CoV-2
15664,4,SARS-CoV-2,non_watermark_0.1,Backbone 9,1,0.4863829911,0.4255319238,PDW_1136,,SARS-CoV-2
6979,4,SARS-CoV-2,non_watermark_0.1,Backbone 9,2,0.4917391241,0.4130434692,PDW_1137,,SARS-CoV-2
39378,4,SARS-CoV-2,non_watermark_0.1,Backbone 9,3,0.4969565272,0.4021739066,PDW_1138,,SARS-CoV-2
7235,4,SARS-CoV-2,non_watermark_0.1,Backbone 9,4,0.4931914806,0.4574468136,PDW_1139,,SARS-CoV-2
0,4,SARS-CoV-2,Parent Sequence,Backbone 9,5,0.4929032326,0.4193548262,PDW_1140,,SARS-CoV-2
41501,4,SARS-CoV-2,non_watermark_0.1,Backbone 10,0,0.5172881484,0.4576271176,PDW_1141,,SARS-CoV-2
40649,4,SARS-CoV-2,non_watermark_0.1,Backbone 10,1,0.4973333478,0.4833333194,PDW_1142,,SARS-CoV-2
41915,4,SARS-CoV-2,non_watermark_0.1,Backbone 10,2,0.5101639628,0.4098360538,PDW_1143,,SARS-CoV-2
40802,4,SARS-CoV-2,non_watermark_0.1,Backbone 10,3,0.5,0.5172413588,PDW_1144,,SARS-CoV-2
8724,4,SARS-CoV-2,non_watermark_0.1,Backbone 10,4,0.4942372739,0.4745762646,PDW_1145,,SARS-CoV-2
1,4,SARS-CoV-2,Parent Sequence,Backbone 10,5,0.5117241144,0.4137931168,PDW_1146,,SARS-CoV-2
77409,4,SARS-CoV-2,non_watermark_0.1,Backbone 11,0,0.4851428568,0.4857142866,PDW_1147,,SARS-CoV-2
55062,4,SARS-CoV-2,non_watermark_0.1,Backbone 11,1,0.4753623307,0.4347825944,PDW_1148,,SARS-CoV-2
64831,4,SARS-CoV-2,non_watermark_0.1,Backbone 11,2,0.4678260982,0.4782608747,PDW_1149,,SARS-CoV-2
76939,4,SARS-CoV-2,non_watermark_0.1,Backbone 11,3,0.4894444346,0.472222209,PDW_1150,,SARS-CoV-2
2,4,SARS-CoV-2,Parent Sequence,Backbone 11,5,0.4891428649,0.4857142866,PDW_1151,,SARS-CoV-2
43471,4,SARS-CoV-2,non_watermark_0.1,Backbone 12,0,0.519607842,0.519607842,PDW_1152,,SARS-CoV-2
47141,4,SARS-CoV-2,non_watermark_0.1,Backbone 12,1,0.5012000203,0.5400000215,PDW_1153,,SARS-CoV-2
88228,4,SARS-CoV-2,non_watermark_0.1,Backbone 12,2,0.5033663511,0.5247524977,PDW_1154,,SARS-CoV-2
10257,4,SARS-CoV-2,non_watermark_0.1,Backbone 12,3,0.497551024,0.5816326737,PDW_1155,,SARS-CoV-2
88193,4,SARS-CoV-2,non_watermark_0.1,Backbone 12,4,0.5076288581,0.4742268026,PDW_1156,,SARS-CoV-2
3,4,SARS-CoV-2,Parent Sequence,Backbone 12,5,0.4828000069,0.4600000083,PDW_1157,,SARS-CoV-2
75654,4,SARS-CoV-2,non_watermark_0.1,Backbone 13,0,0.4982978702,0.5319148898,PDW_1158,,SARS-CoV-2
61255,4,SARS-CoV-2,non_watermark_0.1,Backbone 13,1,0.5045161247,0.5268816948,PDW_1159,,SARS-CoV-2
75738,4,SARS-CoV-2,non_watermark_0.1,Backbone 13,2,0.4959999919,0.484210521,PDW_1160,,SARS-CoV-2
75543,4,SARS-CoV-2,non_watermark_0.1,Backbone 13,3,0.4890721738,0.5154638886,PDW_1161,,SARS-CoV-2
30402,4,SARS-CoV-2,non_watermark_0.1,Backbone 13,4,0.4860869646,0.5434782505,PDW_1162,,SARS-CoV-2
4,4,SARS-CoV-2,Parent Sequence,Backbone 13,5,0.4866666794,0.4791666567,PDW_1163,,SARS-CoV-2
13708,4,SARS-CoV-2,non_watermark_0.1,Backbone 14,0,0.4922353029,0.4941176474,PDW_1164,,SARS-CoV-2
56206,4,SARS-CoV-2,non_watermark_0.1,Backbone 14,1,0.489438206,0.4831460714,PDW_1165,,SARS-CoV-2
46377,4,SARS-CoV-2,non_watermark_0.1,Backbone 14,2,0.4894117713,0.5058823824,PDW_1166,,SARS-CoV-2
67392,4,SARS-CoV-2,non_watermark_0.1,Backbone 14,3,0.4809090793,0.5,PDW_1167,,SARS-CoV-2
68850,4,SARS-CoV-2,non_watermark_0.1,Backbone 14,4,0.4978823662,0.5294117928,PDW_1168,,SARS-CoV-2
5,4,SARS-CoV-2,Parent Sequence,Backbone 14,5,0.4821505249,0.494623661,PDW_1169,,SARS-CoV-2
9104,4,SARS-CoV-2,Negative Control non_watermark_0.1,Backbone 14,4,0.4978313148,0.4096385539,PDW_1170,,SARS-CoV-2
19020,5,SARS-CoV-2,watermark_0.1,Backbone 0,0,,0.7708333135,PDW_1171,,SARS-CoV-2
60922,5,SARS-CoV-2,watermark_0.1,Backbone 0,1,,0.78125,PDW_1172,,SARS-CoV-2
63587,5,SARS-CoV-2,watermark_0.1,Backbone 0,2,,0.7826086879,PDW_1173,,SARS-CoV-2
61735,5,SARS-CoV-2,watermark_0.1,Backbone 0,3,,0.75,PDW_1174,,SARS-CoV-2
87847,5,SARS-CoV-2,watermark_0.1,Backbone 0,4,,0.7526881695,PDW_1175,,SARS-CoV-2
53119,5,SARS-CoV-2,watermark_0.1,Backbone 0,5,,0.78125,PDW_1176,,SARS-CoV-2
61628,5,SARS-CoV-2,watermark_0.1,Backbone 1,0,,0.7448979616,PDW_1177,,SARS-CoV-2
8463,5,SARS-CoV-2,watermark_0.1,Backbone 1,1,,0.7473683953,PDW_1178,,SARS-CoV-2
72040,5,SARS-CoV-2,watermark_0.1,Backbone 1,2,,0.7604166865,PDW_1179,,SARS-CoV-2
61658,5,SARS-CoV-2,watermark_0.1,Backbone 1,3,,0.7473683953,PDW_1180,,SARS-CoV-2
73342,5,SARS-CoV-2,watermark_0.1,Backbone 1,4,,0.8144329786,PDW_1181,,SARS-CoV-2
62349,5,SARS-CoV-2,watermark_0.1,Backbone 1,5,,0.7473683953,PDW_1182,,SARS-CoV-2
73116,5,SARS-CoV-2,watermark_0.1,Backbone 2,0,,0.7311828136,PDW_1183,,SARS-CoV-2
76317,5,SARS-CoV-2,watermark_0.1,Backbone 2,1,,0.7634408474,PDW_1184,,SARS-CoV-2
72218,5,SARS-CoV-2,watermark_0.1,Backbone 2,2,,0.7419354916,PDW_1185,,SARS-CoV-2
72905,5,SARS-CoV-2,watermark_0.1,Backbone 2,3,,0.7628865838,PDW_1186,,SARS-CoV-2
87839,5,SARS-CoV-2,watermark_0.1,Backbone 2,4,,0.7473683953,PDW_1187,,SARS-CoV-2
73127,5,SARS-CoV-2,watermark_0.1,Backbone 2,5,,0.7553191781,PDW_1188,,SARS-CoV-2
79797,5,SARS-CoV-2,watermark_0.1,Backbone 3,0,,0.743362844,PDW_1189,,SARS-CoV-2
79041,5,SARS-CoV-2,watermark_0.1,Backbone 3,1,,0.7345132828,PDW_1190,,SARS-CoV-2
67521,5,SARS-CoV-2,watermark_0.1,Backbone 3,2,,0.7327586412,PDW_1191,,SARS-CoV-2
34861,5,SARS-CoV-2,watermark_0.1,Backbone 3,3,,0.7456140518,PDW_1192,,SARS-CoV-2
79671,5,SARS-CoV-2,watermark_0.1,Backbone 3,4,,0.7345132828,PDW_1193,,SARS-CoV-2
542,5,SARS-CoV-2,watermark_0.1,Backbone 3,5,,0.7610619664,PDW_1194,,SARS-CoV-2
76781,5,SARS-CoV-2,watermark_0.1,Backbone 4,0,,0.7666666508,PDW_1195,,SARS-CoV-2
66231,5,SARS-CoV-2,watermark_0.1,Backbone 4,1,,0.8095238209,PDW_1196,,SARS-CoV-2
89077,5,SARS-CoV-2,watermark_0.1,Backbone 4,2,,0.7933884263,PDW_1197,,SARS-CoV-2
33134,5,SARS-CoV-2,watermark_0.1,Backbone 4,3,,0.7863247991,PDW_1198,,SARS-CoV-2
55711,5,SARS-CoV-2,watermark_0.1,Backbone 4,4,,0.7844827771,PDW_1199,,SARS-CoV-2
76879,5,SARS-CoV-2,watermark_0.1,Backbone 4,5,,0.7521367669,PDW_1200,,SARS-CoV-2
17084,5,SARS-CoV-2,watermark_0.1,Backbone 5,0,,0.7264150977,PDW_1201,,SARS-CoV-2
59349,5,SARS-CoV-2,watermark_0.1,Backbone 5,1,,0.738317728,PDW_1202,,SARS-CoV-2
59297,5,SARS-CoV-2,watermark_0.1,Backbone 5,2,,0.7407407165,PDW_1203,,SARS-CoV-2
5900,5,SARS-CoV-2,watermark_0.1,Backbone 5,3,,0.730769217,PDW_1204,,SARS-CoV-2
11272,5,SARS-CoV-2,watermark_0.1,Backbone 5,4,,0.8073394299,PDW_1205,,SARS-CoV-2
67331,5,SARS-CoV-2,watermark_0.1,Backbone 5,5,,0.7358490825,PDW_1206,,SARS-CoV-2
16524,5,SARS-CoV-2,watermark_0.1,Backbone 6,0,,0.7710843086,PDW_1207,,SARS-CoV-2
4559,5,SARS-CoV-2,watermark_0.1,Backbone 6,1,,0.7682926655,PDW_1208,,SARS-CoV-2
50721,5,SARS-CoV-2,watermark_0.1,Backbone 6,2,,0.777777791,PDW_1209,,SARS-CoV-2
16382,5,SARS-CoV-2,watermark_0.1,Backbone 6,3,,0.7682926655,PDW_1210,,SARS-CoV-2
27501,5,SARS-CoV-2,watermark_0.1,Backbone 6,4,,0.7560975552,PDW_1211,,SARS-CoV-2
50206,5,SARS-CoV-2,watermark_0.1,Backbone 6,5,,0.7272727489,PDW_1212,,SARS-CoV-2
68508,5,SARS-CoV-2,watermark_0.1,Backbone 7,0,,0.7565217614,PDW_1213,,SARS-CoV-2
82285,5,SARS-CoV-2,watermark_0.1,Backbone 7,1,,0.8125,PDW_1214,,SARS-CoV-2
57205,5,SARS-CoV-2,watermark_0.1,Backbone 7,2,,0.7747747898,PDW_1215,,SARS-CoV-2
24259,5,SARS-CoV-2,watermark_0.1,Backbone 7,3,,0.777777791,PDW_1216,,SARS-CoV-2
68502,5,SARS-CoV-2,watermark_0.1,Backbone 7,4,,0.7631579041,PDW_1217,,SARS-CoV-2
13061,5,SARS-CoV-2,watermark_0.1,Backbone 7,5,,0.7747747898,PDW_1218,,SARS-CoV-2
56773,5,SARS-CoV-2,watermark_0.1,Backbone 8,0,,0.7881355882,PDW_1219,,SARS-CoV-2
81603,5,SARS-CoV-2,watermark_0.1,Backbone 8,1,,0.836206913,PDW_1220,,SARS-CoV-2
1406,5,SARS-CoV-2,watermark_0.1,Backbone 8,2,,0.7844827771,PDW_1221,,SARS-CoV-2
37776,5,SARS-CoV-2,watermark_0.1,Backbone 8,3,,0.7913043499,PDW_1222,,SARS-CoV-2
3284,5,SARS-CoV-2,watermark_0.1,Backbone 8,4,,0.7699115276,PDW_1223,,SARS-CoV-2
23961,5,SARS-CoV-2,watermark_0.1,Backbone 8,5,,0.8230088353,PDW_1224,,SARS-CoV-2
20730,5,SARS-CoV-2,watermark_0.1,Backbone 9,0,,0.7526881695,PDW_1225,,SARS-CoV-2
87865,5,SARS-CoV-2,watermark_0.1,Backbone 9,1,,0.7263157964,PDW_1226,,SARS-CoV-2
19298,5,SARS-CoV-2,watermark_0.1,Backbone 9,2,,0.7849462628,PDW_1227,,SARS-CoV-2
30811,5,SARS-CoV-2,watermark_0.1,Backbone 9,3,,0.7263157964,PDW_1228,,SARS-CoV-2
43366,5,SARS-CoV-2,watermark_0.1,Backbone 9,4,,0.7234042287,PDW_1229,,SARS-CoV-2
19571,5,SARS-CoV-2,watermark_0.1,Backbone 9,5,,0.7234042287,PDW_1230,,SARS-CoV-2
80781,5,SARS-CoV-2,watermark_0.1,Backbone 10,0,,0.8095238209,PDW_1231,,SARS-CoV-2
80834,5,SARS-CoV-2,watermark_0.1,Backbone 10,1,,0.8253968358,PDW_1232,,SARS-CoV-2
24670,5,SARS-CoV-2,watermark_0.1,Backbone 10,2,,0.8000000119,PDW_1233,,SARS-CoV-2
23390,5,SARS-CoV-2,watermark_0.1,Backbone 10,3,,0.8548387289,PDW_1234,,SARS-CoV-2
35304,5,SARS-CoV-2,watermark_0.1,Backbone 10,4,,0.8225806355,PDW_1235,,SARS-CoV-2
36038,5,SARS-CoV-2,watermark_0.1,Backbone 10,5,,0.8095238209,PDW_1236,,SARS-CoV-2
85578,5,SARS-CoV-2,watermark_0.1,Backbone 11,0,,0.7837837934,PDW_1237,,SARS-CoV-2
48811,5,SARS-CoV-2,watermark_0.1,Backbone 11,1,,0.7887324095,PDW_1238,,SARS-CoV-2
75031,5,SARS-CoV-2,watermark_0.1,Backbone 11,2,,0.887323916,PDW_1239,,SARS-CoV-2
25929,5,SARS-CoV-2,watermark_0.1,Backbone 11,3,,0.8378378153,PDW_1240,,SARS-CoV-2
26289,5,SARS-CoV-2,watermark_0.1,Backbone 11,5,,0.8399999738,PDW_1241,,SARS-CoV-2
3608,5,SARS-CoV-2,watermark_0.1,Backbone 12,0,,0.8137254715,PDW_1242,,SARS-CoV-2
57951,5,SARS-CoV-2,watermark_0.1,Backbone 12,1,,0.7900000215,PDW_1243,,SARS-CoV-2
14460,5,SARS-CoV-2,watermark_0.1,Backbone 12,2,,0.7835051417,PDW_1244,,SARS-CoV-2
48401,5,SARS-CoV-2,watermark_0.1,Backbone 12,3,,0.8269230723,PDW_1245,,SARS-CoV-2
48487,5,SARS-CoV-2,watermark_0.1,Backbone 12,4,,0.7980769277,PDW_1246,,SARS-CoV-2
83967,5,SARS-CoV-2,watermark_0.1,Backbone 12,5,,0.7878788114,PDW_1247,,SARS-CoV-2
48663,5,SARS-CoV-2,watermark_0.1,Backbone 13,0,,0.7708333135,PDW_1248,,SARS-CoV-2
57976,5,SARS-CoV-2,watermark_0.1,Backbone 13,1,,0.7395833135,PDW_1249,,SARS-CoV-2
48681,5,SARS-CoV-2,watermark_0.1,Backbone 13,2,,0.7263157964,PDW_1250,,SARS-CoV-2
21617,5,SARS-CoV-2,watermark_0.1,Backbone 13,3,,0.7263157964,PDW_1251,,SARS-CoV-2
65020,5,SARS-CoV-2,watermark_0.1,Backbone 13,4,,0.7731958628,PDW_1252,,SARS-CoV-2
76474,5,SARS-CoV-2,watermark_0.1,Backbone 13,5,,0.7731958628,PDW_1253,,SARS-CoV-2
20944,5,SARS-CoV-2,watermark_0.1,Backbone 14,0,,0.7441860437,PDW_1254,,SARS-CoV-2
36538,5,SARS-CoV-2,watermark_0.1,Backbone 14,1,,0.7586206794,PDW_1255,,SARS-CoV-2
23885,5,SARS-CoV-2,watermark_0.1,Backbone 14,2,,0.7441860437,PDW_1256,,SARS-CoV-2
22067,5,SARS-CoV-2,watermark_0.1,Backbone 14,3,,0.7380952239,PDW_1257,,SARS-CoV-2
36156,5,SARS-CoV-2,watermark_0.1,Backbone 14,4,,0.7727272511,PDW_1258,,SARS-CoV-2
23690,5,SARS-CoV-2,watermark_0.1,Backbone 14,5,,0.7558139563,PDW_1259,,SARS-CoV-2
89082,5,SARS-CoV-2,Negative Control watermark_0.1,Backbone 14,4,,0.7666666508,PDW_1260,,SARS-CoV-2
28700,6,SARS-CoV-2,watermark_0.5,Backbone 0,0,0.5509677529,,PDW_1261,,SARS-CoV-2
84010,6,SARS-CoV-2,watermark_0.5,Backbone 0,1,0.5482608676,,PDW_1262,,SARS-CoV-2
84151,6,SARS-CoV-2,watermark_0.5,Backbone 0,2,0.5531182885,,PDW_1263,,SARS-CoV-2
29761,6,SARS-CoV-2,watermark_0.5,Backbone 0,3,0.5556043983,,PDW_1264,,SARS-CoV-2
24226,6,SARS-CoV-2,watermark_0.5,Backbone 0,4,0.5513978601,,PDW_1265,,SARS-CoV-2
27122,6,SARS-CoV-2,watermark_0.5,Backbone 0,5,0.5570526123,,PDW_1266,,SARS-CoV-2
84947,6,SARS-CoV-2,watermark_0.5,Backbone 1,0,0.54681319,,PDW_1267,,SARS-CoV-2
14156,6,SARS-CoV-2,watermark_0.5,Backbone 1,1,0.5506383181,,PDW_1268,,SARS-CoV-2
34910,6,SARS-CoV-2,watermark_0.5,Backbone 1,2,0.5459340811,,PDW_1269,,SARS-CoV-2
84208,6,SARS-CoV-2,watermark_0.5,Backbone 1,3,0.5582022667,,PDW_1270,,SARS-CoV-2
14183,6,SARS-CoV-2,watermark_0.5,Backbone 1,4,0.549565196,,PDW_1271,,SARS-CoV-2
47617,6,SARS-CoV-2,watermark_0.5,Backbone 1,5,0.5707865357,,PDW_1272,,SARS-CoV-2
28353,6,SARS-CoV-2,watermark_0.5,Backbone 2,0,0.5509677529,,PDW_1273,,SARS-CoV-2
15711,6,SARS-CoV-2,watermark_0.5,Backbone 2,1,0.5550561547,,PDW_1274,,SARS-CoV-2
70206,6,SARS-CoV-2,watermark_0.5,Backbone 2,2,0.5468084812,,PDW_1275,,SARS-CoV-2
84921,6,SARS-CoV-2,watermark_0.5,Backbone 2,3,0.5463829637,,PDW_1276,,SARS-CoV-2
13431,6,SARS-CoV-2,watermark_0.5,Backbone 2,4,0.5514606833,,PDW_1277,,SARS-CoV-2
28977,6,SARS-CoV-2,watermark_0.5,Backbone 2,5,0.5553684235,,PDW_1278,,SARS-CoV-2
1065,6,SARS-CoV-2,watermark_0.5,Backbone 3,0,0.5485217571,,PDW_1279,,SARS-CoV-2
11669,6,SARS-CoV-2,watermark_0.5,Backbone 3,1,0.5461016893,,PDW_1280,,SARS-CoV-2
34213,6,SARS-CoV-2,watermark_0.5,Backbone 3,2,0.5463157892,,PDW_1281,,SARS-CoV-2
23099,6,SARS-CoV-2,watermark_0.5,Backbone 3,3,0.5474782586,,PDW_1282,,SARS-CoV-2
34462,6,SARS-CoV-2,watermark_0.5,Backbone 3,4,0.5461016893,,PDW_1283,,SARS-CoV-2
78693,6,SARS-CoV-2,watermark_0.5,Backbone 3,5,0.5449572802,,PDW_1284,,SARS-CoV-2
32399,6,SARS-CoV-2,watermark_0.5,Backbone 4,0,0.5583739877,,PDW_1285,,SARS-CoV-2
76759,6,SARS-CoV-2,watermark_0.5,Backbone 4,1,0.5526984334,,PDW_1286,,SARS-CoV-2
65330,6,SARS-CoV-2,watermark_0.5,Backbone 4,2,0.5450406671,,PDW_1287,,SARS-CoV-2
32428,6,SARS-CoV-2,watermark_0.5,Backbone 4,3,0.5529824495,,PDW_1288,,SARS-CoV-2
32357,6,SARS-CoV-2,watermark_0.5,Backbone 4,4,0.5533858538,,PDW_1289,,SARS-CoV-2
76797,6,SARS-CoV-2,watermark_0.5,Backbone 4,5,0.5487999916,,PDW_1290,,SARS-CoV-2
65992,6,SARS-CoV-2,watermark_0.5,Backbone 5,0,0.5603738427,,PDW_1291,,SARS-CoV-2
66323,6,SARS-CoV-2,watermark_0.5,Backbone 5,1,0.560733974,,PDW_1292,,SARS-CoV-2
22415,6,SARS-CoV-2,watermark_0.5,Backbone 5,2,0.5553153157,,PDW_1293,,SARS-CoV-2
77966,6,SARS-CoV-2,watermark_0.5,Backbone 5,3,0.5535238385,,PDW_1294,,SARS-CoV-2
10992,6,SARS-CoV-2,watermark_0.5,Backbone 5,4,0.5600000024,,PDW_1295,,SARS-CoV-2
77233,6,SARS-CoV-2,watermark_0.5,Backbone 5,5,0.5449056625,,PDW_1296,,SARS-CoV-2
11311,6,SARS-CoV-2,watermark_0.5,Backbone 6,0,0.5619753003,,PDW_1297,,SARS-CoV-2
86873,6,SARS-CoV-2,watermark_0.5,Backbone 6,1,0.5538461804,,PDW_1298,,SARS-CoV-2
31110,6,SARS-CoV-2,watermark_0.5,Backbone 6,2,0.5491892099,,PDW_1299,,SARS-CoV-2
74941,6,SARS-CoV-2,watermark_0.5,Backbone 6,3,0.5463291407,,PDW_1300,,SARS-CoV-2
18946,6,SARS-CoV-2,watermark_0.5,Backbone 6,4,0.5485000014,,PDW_1301,,SARS-CoV-2
19198,6,SARS-CoV-2,watermark_0.5,Backbone 6,5,0.5458227992,,PDW_1302,,SARS-CoV-2
72829,6,SARS-CoV-2,watermark_0.5,Backbone 7,0,0.5449541211,,PDW_1303,,SARS-CoV-2
72696,6,SARS-CoV-2,watermark_0.5,Backbone 7,1,0.5450434685,,PDW_1304,,SARS-CoV-2
40386,6,SARS-CoV-2,watermark_0.5,Backbone 7,2,0.552631557,,PDW_1305,,SARS-CoV-2
30284,6,SARS-CoV-2,watermark_0.5,Backbone 7,3,0.5485714078,,PDW_1306,,SARS-CoV-2
85912,6,SARS-CoV-2,watermark_0.5,Backbone 7,4,0.5485217571,,PDW_1307,,SARS-CoV-2
4857,6,SARS-CoV-2,watermark_0.5,Backbone 7,5,0.5492857099,,PDW_1308,,SARS-CoV-2
49575,6,SARS-CoV-2,watermark_0.5,Backbone 8,0,0.5524138212,,PDW_1309,,SARS-CoV-2
62016,6,SARS-CoV-2,watermark_0.5,Backbone 8,1,0.5451327562,,PDW_1310,,SARS-CoV-2
16020,6,SARS-CoV-2,watermark_0.5,Backbone 8,2,0.5453913212,,PDW_1311,,SARS-CoV-2
40910,6,SARS-CoV-2,watermark_0.5,Backbone 8,3,0.5489655137,,PDW_1312,,SARS-CoV-2
29804,6,SARS-CoV-2,watermark_0.5,Backbone 8,4,0.5550000072,,PDW_1313,,SARS-CoV-2
40525,6,SARS-CoV-2,watermark_0.5,Backbone 8,5,0.5572881103,,PDW_1314,,SARS-CoV-2
46801,6,SARS-CoV-2,watermark_0.5,Backbone 9,0,0.553478241,,PDW_1315,,SARS-CoV-2
61058,6,SARS-CoV-2,watermark_0.5,Backbone 9,1,0.545106411,,PDW_1316,,SARS-CoV-2
3310,6,SARS-CoV-2,watermark_0.5,Backbone 9,2,0.5516483784,,PDW_1317,,SARS-CoV-2
39049,6,SARS-CoV-2,watermark_0.5,Backbone 9,3,0.5544086099,,PDW_1318,,SARS-CoV-2
46978,6,SARS-CoV-2,watermark_0.5,Backbone 9,4,0.5502127409,,PDW_1319,,SARS-CoV-2
3525,6,SARS-CoV-2,watermark_0.5,Backbone 9,5,0.5497778058,,PDW_1320,,SARS-CoV-2
52642,6,SARS-CoV-2,watermark_0.5,Backbone 10,0,0.5612698197,,PDW_1321,,SARS-CoV-2
6958,6,SARS-CoV-2,watermark_0.5,Backbone 10,1,0.5527868867,,PDW_1322,,SARS-CoV-2
63446,6,SARS-CoV-2,watermark_0.5,Backbone 10,2,0.5451613069,,PDW_1323,,SARS-CoV-2
41178,6,SARS-CoV-2,watermark_0.5,Backbone 10,3,0.5554838777,,PDW_1324,,SARS-CoV-2
58606,6,SARS-CoV-2,watermark_0.5,Backbone 10,4,0.5651612878,,PDW_1325,,SARS-CoV-2
52577,6,SARS-CoV-2,watermark_0.5,Backbone 10,5,0.5644444227,,PDW_1326,,SARS-CoV-2
75905,6,SARS-CoV-2,watermark_0.5,Backbone 11,0,0.5659459233,,PDW_1327,,SARS-CoV-2
31856,6,SARS-CoV-2,watermark_0.5,Backbone 11,1,0.5611110926,,PDW_1328,,SARS-CoV-2
87566,6,SARS-CoV-2,watermark_0.5,Backbone 11,2,0.5659459233,,PDW_1329,,SARS-CoV-2
20322,6,SARS-CoV-2,watermark_0.5,Backbone 11,3,0.5529729724,,PDW_1330,,SARS-CoV-2
20636,6,SARS-CoV-2,watermark_0.5,Backbone 11,5,0.5600000024,,PDW_1331,,SARS-CoV-2
24434,6,SARS-CoV-2,watermark_0.5,Backbone 12,0,0.5502912402,,PDW_1332,,SARS-CoV-2
16080,6,SARS-CoV-2,watermark_0.5,Backbone 12,1,0.549898982,,PDW_1333,,SARS-CoV-2
73907,6,SARS-CoV-2,watermark_0.5,Backbone 12,2,0.5551999807,,PDW_1334,,SARS-CoV-2
4614,6,SARS-CoV-2,watermark_0.5,Backbone 12,3,0.5607920885,,PDW_1335,,SARS-CoV-2
86564,6,SARS-CoV-2,watermark_0.5,Backbone 12,4,0.5576000214,,PDW_1336,,SARS-CoV-2
52446,6,SARS-CoV-2,watermark_0.5,Backbone 12,5,0.5608080626,,PDW_1337,,SARS-CoV-2
86386,6,SARS-CoV-2,watermark_0.5,Backbone 13,0,0.5476288795,,PDW_1338,,SARS-CoV-2
18245,6,SARS-CoV-2,watermark_0.5,Backbone 13,1,0.5454166532,,PDW_1339,,SARS-CoV-2
26134,6,SARS-CoV-2,watermark_0.5,Backbone 13,2,0.5485714078,,PDW_1340,,SARS-CoV-2
86471,6,SARS-CoV-2,watermark_0.5,Backbone 13,3,0.5454166532,,PDW_1341,,SARS-CoV-2
12620,6,SARS-CoV-2,watermark_0.5,Backbone 13,4,0.5481632948,,PDW_1342,,SARS-CoV-2
80424,6,SARS-CoV-2,watermark_0.5,Backbone 13,5,0.5470833182,,PDW_1343,,SARS-CoV-2
49672,6,SARS-CoV-2,watermark_0.5,Backbone 14,0,0.5466666818,,PDW_1344,,SARS-CoV-2
62841,6,SARS-CoV-2,watermark_0.5,Backbone 14,1,0.5450000167,,PDW_1345,,SARS-CoV-2
5769,6,SARS-CoV-2,watermark_0.5,Backbone 14,2,0.5454944968,,PDW_1346,,SARS-CoV-2
37487,6,SARS-CoV-2,watermark_0.5,Backbone 14,3,0.5456521511,,PDW_1347,,SARS-CoV-2
59956,6,SARS-CoV-2,watermark_0.5,Backbone 14,4,0.5450549722,,PDW_1348,,SARS-CoV-2
73053,6,SARS-CoV-2,watermark_0.5,Backbone 14,5,0.5454944968,,PDW_1349,,SARS-CoV-2
7886,6,SARS-CoV-2,Negative Control watermark_0.5,Backbone 14,4,0.5521739125,,PDW_1350,,SARS-CoV-2
24728,7,PD-L1,non_watermark_0.1,Backbone 0,0,0.5160714388,0.5803571343,PDW_1351,,PD-L1
39147,7,PD-L1,non_watermark_0.1,Backbone 0,1,0.4952727258,0.4818181694,PDW_1352,,PD-L1
39164,7,PD-L1,non_watermark_0.1,Backbone 0,2,0.4987610579,0.513274312,PDW_1353,,PD-L1
70608,7,PD-L1,non_watermark_0.1,Backbone 0,3,0.52108109,0.5675675869,PDW_1354,,PD-L1
52066,7,PD-L1,non_watermark_0.1,Backbone 0,4,0.5074999928,0.5,PDW_1355,,PD-L1
0,7,PD-L1,Parent Sequence,Backbone 0,5,0.5009174347,0.5412843823,PDW_1356,,PD-L1
53608,7,PD-L1,non_watermark_0.1,Backbone 1,0,0.5102040768,0.5510203838,PDW_1357,,PD-L1
87048,7,PD-L1,non_watermark_0.1,Backbone 1,1,0.5083333254,0.4791666567,PDW_1358,,PD-L1
87061,7,PD-L1,non_watermark_0.1,Backbone 1,2,0.5112500191,0.53125,PDW_1359,,PD-L1
20828,7,PD-L1,non_watermark_0.1,Backbone 1,3,0.5167676806,0.5353535414,PDW_1360,,PD-L1
30810,7,PD-L1,non_watermark_0.1,Backbone 1,4,0.4967347085,0.4795918465,PDW_1361,,PD-L1
1,7,PD-L1,Parent Sequence,Backbone 1,5,0.5090109706,0.538461566,PDW_1362,,PD-L1
79870,7,PD-L1,non_watermark_0.1,Backbone 10,0,0.4974757135,0.4854368865,PDW_1363,,PD-L1
16296,7,PD-L1,non_watermark_0.1,Backbone 10,1,0.5017821789,0.5247524977,PDW_1364,,PD-L1
368,7,PD-L1,non_watermark_0.1,Backbone 10,2,0.495922327,0.5048543811,PDW_1365,,PD-L1
34204,7,PD-L1,non_watermark_0.1,Backbone 10,3,0.5049056411,0.5188679099,PDW_1366,,PD-L1
34071,7,PD-L1,non_watermark_0.1,Backbone 10,4,0.4900000095,0.4711538553,PDW_1367,,PD-L1
10,7,PD-L1,Parent Sequence,Backbone 10,5,0.4926530719,0.4693877697,PDW_1368,,PD-L1
26437,7,PD-L1,non_watermark_0.1,Backbone 11,0,0.5072000027,0.6133333445,PDW_1369,,PD-L1
15313,7,PD-L1,non_watermark_0.1,Backbone 11,1,0.4970666766,0.5866666436,PDW_1370,,PD-L1
15212,7,PD-L1,non_watermark_0.1,Backbone 11,2,0.4931428432,0.6142857075,PDW_1371,,PD-L1
46271,7,PD-L1,non_watermark_0.1,Backbone 11,3,0.5076470375,0.5588235259,PDW_1372,,PD-L1
15162,7,PD-L1,non_watermark_0.1,Backbone 11,4,0.495675683,0.6351351142,PDW_1373,,PD-L1
11,7,PD-L1,Parent Sequence,Backbone 11,5,0.5021621585,0.5540540814,PDW_1374,,PD-L1
85457,7,PD-L1,non_watermark_0.1,Backbone 12,0,0.5124999881,0.5500000119,PDW_1375,,PD-L1
29307,7,PD-L1,non_watermark_0.1,Backbone 12,1,0.4930000007,0.5249999762,PDW_1376,,PD-L1
66681,7,PD-L1,non_watermark_0.1,Backbone 12,2,0.5041975379,0.5061728358,PDW_1377,,PD-L1
29315,7,PD-L1,non_watermark_0.1,Backbone 12,3,0.4986046553,0.5697674155,PDW_1378,,PD-L1
18525,7,PD-L1,non_watermark_0.1,Backbone 12,4,0.500952363,0.5119047761,PDW_1379,,PD-L1
12,7,PD-L1,Parent Sequence,Backbone 12,5,0.5032911301,0.5189873576,PDW_1380,,PD-L1
15706,7,PD-L1,non_watermark_0.1,Backbone 13,0,0.4786516726,0.4382022619,PDW_1381,,PD-L1
71299,7,PD-L1,non_watermark_0.1,Backbone 13,1,0.4868817329,0.5161290169,PDW_1382,,PD-L1
16006,7,PD-L1,non_watermark_0.1,Backbone 13,2,0.4743478298,0.4456521869,PDW_1383,,PD-L1
83239,7,PD-L1,non_watermark_0.1,Backbone 13,3,0.4809090793,0.4318181872,PDW_1384,,PD-L1
55474,7,PD-L1,non_watermark_0.1,Backbone 13,4,0.4863636494,0.4431818128,PDW_1385,,PD-L1
13,7,PD-L1,Parent Sequence,Backbone 13,5,0.5014285445,0.5,PDW_1386,,PD-L1
20448,7,PD-L1,non_watermark_0.1,Backbone 14,0,0.5084337592,0.4096385539,PDW_1387,,PD-L1
32506,7,PD-L1,non_watermark_0.1,Backbone 14,1,0.5134065747,0.4835164845,PDW_1388,,PD-L1
87633,7,PD-L1,non_watermark_0.1,Backbone 14,2,0.4920482039,0.397590369,PDW_1389,,PD-L1
53994,7,PD-L1,non_watermark_0.1,Backbone 14,3,0.4844999909,0.4250000119,PDW_1390,,PD-L1
14,7,PD-L1,Parent Sequence,Backbone 14,5,0.5019047856,0.4523809552,PDW_1391,,PD-L1
47423,7,PD-L1,non_watermark_0.1,Backbone 2,0,0.528727293,0.3636363745,PDW_1392,,PD-L1
2004,7,PD-L1,non_watermark_0.1,Backbone 2,1,0.5235087872,0.5438596606,PDW_1393,,PD-L1
58124,7,PD-L1,non_watermark_0.1,Backbone 2,2,0.5228571296,0.4464285672,PDW_1394,,PD-L1
80393,7,PD-L1,non_watermark_0.1,Backbone 2,3,0.5045614243,0.4736842215,PDW_1395,,PD-L1
35987,7,PD-L1,non_watermark_0.1,Backbone 2,4,0.5,0.5357142687,PDW_1396,,PD-L1
2,7,PD-L1,Parent Sequence,Backbone 2,5,0.5142857432,0.5357142687,PDW_1397,,PD-L1
8277,7,PD-L1,non_watermark_0.1,Backbone 3,0,0.5177528262,0.5730336905,PDW_1398,,PD-L1
53022,7,PD-L1,non_watermark_0.1,Backbone 3,1,0.5109090805,0.5227272511,PDW_1399,,PD-L1
18329,7,PD-L1,non_watermark_0.1,Backbone 3,2,0.4991111159,0.5777778029,PDW_1400,,PD-L1
18831,7,PD-L1,non_watermark_0.1,Backbone 3,3,0.5113636255,0.5340909362,PDW_1401,,PD-L1
19411,7,PD-L1,non_watermark_0.1,Backbone 3,4,0.5131818056,0.5113636255,PDW_1402,,PD-L1
3,7,PD-L1,Parent Sequence,Backbone 3,5,0.4958139658,0.5697674155,PDW_1403,,PD-L1
67426,7,PD-L1,non_watermark_0.1,Backbone 4,0,0.5017142892,0.5428571701,PDW_1404,,PD-L1
68007,7,PD-L1,non_watermark_0.1,Backbone 4,1,0.4945098162,0.4607843161,PDW_1405,,PD-L1
4319,7,PD-L1,non_watermark_0.1,Backbone 4,2,0.4972000122,0.4199999869,PDW_1406,,PD-L1
49295,7,PD-L1,non_watermark_0.1,Backbone 4,3,0.5124752522,0.5346534848,PDW_1407,,PD-L1
67925,7,PD-L1,non_watermark_0.1,Backbone 4,4,0.4916000068,0.4199999869,PDW_1408,,PD-L1
4,7,PD-L1,Parent Sequence,Backbone 4,5,0.5019230843,0.5576922894,PDW_1409,,PD-L1
64932,7,PD-L1,non_watermark_0.1,Backbone 5,0,0.4981818199,0.474747479,PDW_1410,,PD-L1
904,7,PD-L1,non_watermark_0.1,Backbone 5,1,0.5015686154,0.5784313679,PDW_1411,,PD-L1
56916,7,PD-L1,non_watermark_0.1,Backbone 5,2,0.4979591966,0.4387755096,PDW_1412,,PD-L1
78252,7,PD-L1,non_watermark_0.1,Backbone 5,3,0.4979999959,0.5,PDW_1413,,PD-L1
12200,7,PD-L1,non_watermark_0.1,Backbone 5,4,0.5016000271,0.4499999881,PDW_1414,,PD-L1
5,7,PD-L1,Parent Sequence,Backbone 5,5,0.496923089,0.519230783,PDW_1415,,PD-L1
40127,7,PD-L1,non_watermark_0.1,Backbone 6,0,0.4896202385,0.3670886159,PDW_1416,,PD-L1
62911,7,PD-L1,non_watermark_0.1,Backbone 6,1,0.4958139658,0.3604651093,PDW_1417,,PD-L1
7339,7,PD-L1,non_watermark_0.1,Backbone 6,2,0.4939534962,0.3023255765,PDW_1418,,PD-L1
26288,7,PD-L1,non_watermark_0.1,Backbone 6,3,0.4931707382,0.402439028,PDW_1419,,PD-L1
71236,7,PD-L1,non_watermark_0.1,Backbone 6,4,0.4883720875,0.3372093141,PDW_1420,,PD-L1
6,7,PD-L1,Parent Sequence,Backbone 6,5,0.4972839653,0.3703703582,PDW_1421,,PD-L1
16866,7,PD-L1,non_watermark_0.1,Backbone 7,0,0.5013333559,0.390476197,PDW_1422,,PD-L1
16888,7,PD-L1,non_watermark_0.1,Backbone 7,1,0.5285184979,0.5,PDW_1423,,PD-L1
43604,7,PD-L1,non_watermark_0.1,Backbone 7,2,0.5020952225,0.5047619343,PDW_1424,,PD-L1
84321,7,PD-L1,non_watermark_0.1,Backbone 7,3,0.5136448741,0.4299065471,PDW_1425,,PD-L1
65972,7,PD-L1,non_watermark_0.1,Backbone 7,4,0.4946534634,0.4356435537,PDW_1426,,PD-L1
7,7,PD-L1,Parent Sequence,Backbone 7,5,0.5155140162,0.467289716,PDW_1427,,PD-L1
24846,7,PD-L1,non_watermark_0.1,Backbone 8,0,0.4727999866,0.5099999905,PDW_1428,,PD-L1
50708,7,PD-L1,non_watermark_0.1,Backbone 8,1,0.4736170173,0.4574468136,PDW_1429,,PD-L1
24464,7,PD-L1,non_watermark_0.1,Backbone 8,2,0.4743434489,0.5454545617,PDW_1430,,PD-L1
61109,7,PD-L1,non_watermark_0.1,Backbone 8,3,0.4847311974,0.5376344323,PDW_1431,,PD-L1
24965,7,PD-L1,non_watermark_0.1,Backbone 8,4,0.4812000096,0.5500000119,PDW_1432,,PD-L1
8,7,PD-L1,Parent Sequence,Backbone 8,5,0.4916666746,0.5416666865,PDW_1433,,PD-L1
36899,7,PD-L1,non_watermark_0.1,Backbone 9,0,0.4997701049,0.4942528605,PDW_1434,,PD-L1
35441,7,PD-L1,non_watermark_0.1,Backbone 9,1,0.5021176338,0.5647059083,PDW_1435,,PD-L1
14810,7,PD-L1,non_watermark_0.1,Backbone 9,2,0.5098850727,0.4942528605,PDW_1436,,PD-L1
57854,7,PD-L1,non_watermark_0.1,Backbone 9,3,0.4986363649,0.5227272511,PDW_1437,,PD-L1
2828,7,PD-L1,non_watermark_0.1,Backbone 9,4,0.5119047761,0.5476190448,PDW_1438,,PD-L1
9,7,PD-L1,Parent Sequence,Backbone 9,5,0.500454545,0.5681818128,PDW_1439,,PD-L1
35935,7,PD-L1,Negative Control non_watermark_0.1,Backbone 5,4,0.5063062906,0.54954952,PDW_1440,,PD-L1
37901,8,PD-L1,watermark_0.1,Backbone 0,0,,0.8090909123,PDW_1441,,PD-L1
52994,8,PD-L1,watermark_0.1,Backbone 0,1,,0.821428597,PDW_1442,,PD-L1
50238,8,PD-L1,watermark_0.1,Backbone 0,2,,0.8333333135,PDW_1443,,PD-L1
15964,8,PD-L1,watermark_0.1,Backbone 0,3,,0.8303571343,PDW_1444,,PD-L1
26297,8,PD-L1,watermark_0.1,Backbone 0,4,,0.879629612,PDW_1445,,PD-L1
52859,8,PD-L1,watermark_0.1,Backbone 0,5,,0.8000000119,PDW_1446,,PD-L1
88813,8,PD-L1,watermark_0.1,Backbone 1,0,,0.8247422576,PDW_1447,,PD-L1
65649,8,PD-L1,watermark_0.1,Backbone 1,1,,0.8118811846,PDW_1448,,PD-L1
43138,8,PD-L1,watermark_0.1,Backbone 1,2,,0.7864077687,PDW_1449,,PD-L1
66384,8,PD-L1,watermark_0.1,Backbone 1,3,,0.8039215803,PDW_1450,,PD-L1
43113,8,PD-L1,watermark_0.1,Backbone 1,4,,0.8144329786,PDW_1451,,PD-L1
9428,8,PD-L1,watermark_0.1,Backbone 1,5,,0.7525773048,PDW_1452,,PD-L1
56031,8,PD-L1,watermark_0.1,Backbone 10,0,,0.8113207817,PDW_1453,,PD-L1
1689,8,PD-L1,watermark_0.1,Backbone 10,1,,0.842592597,PDW_1454,,PD-L1
79712,8,PD-L1,watermark_0.1,Backbone 10,2,,0.8285714388,PDW_1455,,PD-L1
1057,8,PD-L1,watermark_0.1,Backbone 10,3,,0.8190476298,PDW_1456,,PD-L1
57326,8,PD-L1,watermark_0.1,Backbone 10,4,,0.803738296,PDW_1457,,PD-L1
80370,8,PD-L1,watermark_0.1,Backbone 10,5,,0.8532109857,PDW_1458,,PD-L1
5794,8,PD-L1,watermark_0.1,Backbone 11,0,,0.8378378153,PDW_1459,,PD-L1
56395,8,PD-L1,watermark_0.1,Backbone 11,1,,0.8356164098,PDW_1460,,PD-L1
79046,8,PD-L1,watermark_0.1,Backbone 11,2,,0.8783783913,PDW_1461,,PD-L1
42988,8,PD-L1,watermark_0.1,Backbone 11,3,,0.8513513803,PDW_1462,,PD-L1
79428,8,PD-L1,watermark_0.1,Backbone 11,4,,0.8421052694,PDW_1463,,PD-L1
73190,8,PD-L1,watermark_0.1,Backbone 11,5,,0.8648648858,PDW_1464,,PD-L1
18992,8,PD-L1,watermark_0.1,Backbone 12,0,,0.8395061493,PDW_1465,,PD-L1
18807,8,PD-L1,watermark_0.1,Backbone 12,1,,0.8433734775,PDW_1466,,PD-L1
64373,8,PD-L1,watermark_0.1,Backbone 12,2,,0.7906976938,PDW_1467,,PD-L1
41315,8,PD-L1,watermark_0.1,Backbone 12,3,,0.8876404762,PDW_1468,,PD-L1
78597,8,PD-L1,watermark_0.1,Backbone 12,4,,0.804878056,PDW_1469,,PD-L1
83852,8,PD-L1,watermark_0.1,Backbone 12,5,,0.8271604776,PDW_1470,,PD-L1
5622,8,PD-L1,watermark_0.1,Backbone 13,0,,0.8111110926,PDW_1471,,PD-L1
6171,8,PD-L1,watermark_0.1,Backbone 13,1,,0.7472527623,PDW_1472,,PD-L1
24143,8,PD-L1,watermark_0.1,Backbone 13,2,,0.8152173758,PDW_1473,,PD-L1
50538,8,PD-L1,watermark_0.1,Backbone 13,3,,0.7684210539,PDW_1474,,PD-L1
13044,8,PD-L1,watermark_0.1,Backbone 13,4,,0.8172042966,PDW_1475,,PD-L1
5657,8,PD-L1,watermark_0.1,Backbone 13,5,,0.8043478131,PDW_1476,,PD-L1
66468,8,PD-L1,watermark_0.1,Backbone 14,0,,0.8181818128,PDW_1477,,PD-L1
10277,8,PD-L1,watermark_0.1,Backbone 14,1,,0.7717391253,PDW_1478,,PD-L1
32815,8,PD-L1,watermark_0.1,Backbone 14,2,,0.7912088037,PDW_1479,,PD-L1
44513,8,PD-L1,watermark_0.1,Backbone 14,3,,0.8478260636,PDW_1480,,PD-L1
44262,8,PD-L1,watermark_0.1,Backbone 14,5,,0.8333333135,PDW_1481,,PD-L1
3238,8,PD-L1,watermark_0.1,Backbone 2,0,,0.8305084705,PDW_1482,,PD-L1
3179,8,PD-L1,watermark_0.1,Backbone 2,1,,0.8103448153,PDW_1483,,PD-L1
48489,8,PD-L1,watermark_0.1,Backbone 2,2,,0.7678571343,PDW_1484,,PD-L1
71112,8,PD-L1,watermark_0.1,Backbone 2,3,,0.777777791,PDW_1485,,PD-L1
3519,8,PD-L1,watermark_0.1,Backbone 2,4,,0.8793103695,PDW_1486,,PD-L1
3198,8,PD-L1,watermark_0.1,Backbone 2,5,,0.8000000119,PDW_1487,,PD-L1
19762,8,PD-L1,watermark_0.1,Backbone 3,0,,0.8181818128,PDW_1488,,PD-L1
42423,8,PD-L1,watermark_0.1,Backbone 3,1,,0.7931034565,PDW_1489,,PD-L1
64522,8,PD-L1,watermark_0.1,Backbone 3,2,,0.8222222328,PDW_1490,,PD-L1
65080,8,PD-L1,watermark_0.1,Backbone 3,3,,0.8000000119,PDW_1491,,PD-L1
8565,8,PD-L1,watermark_0.1,Backbone 3,4,,0.8068181872,PDW_1492,,PD-L1
87043,8,PD-L1,watermark_0.1,Backbone 3,5,,0.8222222328,PDW_1493,,PD-L1
11575,8,PD-L1,watermark_0.1,Backbone 4,0,,0.7964601517,PDW_1494,,PD-L1
71568,8,PD-L1,watermark_0.1,Backbone 4,1,,0.7523809671,PDW_1495,,PD-L1
4160,8,PD-L1,watermark_0.1,Backbone 4,2,,0.7981651425,PDW_1496,,PD-L1
72207,8,PD-L1,watermark_0.1,Backbone 4,3,,0.7798165083,PDW_1497,,PD-L1
83126,8,PD-L1,watermark_0.1,Backbone 4,4,,0.8070175648,PDW_1498,,PD-L1
3832,8,PD-L1,watermark_0.1,Backbone 4,5,,0.814814806,PDW_1499,,PD-L1
45686,8,PD-L1,watermark_0.1,Backbone 5,0,,0.8224298954,PDW_1500,,PD-L1
16601,8,PD-L1,watermark_0.1,Backbone 5,1,,0.803738296,PDW_1501,,PD-L1
45549,8,PD-L1,watermark_0.1,Backbone 5,2,,0.8207547069,PDW_1502,,PD-L1
655,8,PD-L1,watermark_0.1,Backbone 5,3,,0.8301886916,PDW_1503,,PD-L1
27851,8,PD-L1,watermark_0.1,Backbone 5,4,,0.8073394299,PDW_1504,,PD-L1
61384,8,PD-L1,watermark_0.1,Backbone 5,5,,0.777777791,PDW_1505,,PD-L1
54790,8,PD-L1,watermark_0.1,Backbone 6,0,,0.7582417727,PDW_1506,,PD-L1
54780,8,PD-L1,watermark_0.1,Backbone 6,1,,0.7555555701,PDW_1507,,PD-L1
62210,8,PD-L1,watermark_0.1,Backbone 6,2,,0.7282608747,PDW_1508,,PD-L1
39849,8,PD-L1,watermark_0.1,Backbone 6,3,,0.7826086879,PDW_1509,,PD-L1
62288,8,PD-L1,watermark_0.1,Backbone 6,4,,0.835164845,PDW_1510,,PD-L1
13881,8,PD-L1,watermark_0.1,Backbone 6,5,,0.7976190448,PDW_1511,,PD-L1
55917,8,PD-L1,watermark_0.1,Backbone 7,0,,0.8303571343,PDW_1512,,PD-L1
40943,8,PD-L1,watermark_0.1,Backbone 7,1,,0.834862411,PDW_1513,,PD-L1
28801,8,PD-L1,watermark_0.1,Backbone 7,2,,0.7981651425,PDW_1514,,PD-L1
40538,8,PD-L1,watermark_0.1,Backbone 7,3,,0.821428597,PDW_1515,,PD-L1
62508,8,PD-L1,watermark_0.1,Backbone 7,4,,0.7739130259,PDW_1516,,PD-L1
29606,8,PD-L1,watermark_0.1,Backbone 7,5,,0.8245614171,PDW_1517,,PD-L1
27530,8,PD-L1,watermark_0.1,Backbone 8,0,,0.8333333135,PDW_1518,,PD-L1
38798,8,PD-L1,watermark_0.1,Backbone 8,1,,0.8617021441,PDW_1519,,PD-L1
53761,8,PD-L1,watermark_0.1,Backbone 8,2,,0.8350515366,PDW_1520,,PD-L1
52785,8,PD-L1,watermark_0.1,Backbone 8,3,,0.8333333135,PDW_1521,,PD-L1
53688,8,PD-L1,watermark_0.1,Backbone 8,4,,0.875,PDW_1522,,PD-L1
15118,8,PD-L1,watermark_0.1,Backbone 8,5,,0.8163265586,PDW_1523,,PD-L1
48797,8,PD-L1,watermark_0.1,Backbone 9,0,,0.8555555344,PDW_1524,,PD-L1
46983,8,PD-L1,watermark_0.1,Backbone 9,1,,0.7977527976,PDW_1525,,PD-L1
3761,8,PD-L1,watermark_0.1,Backbone 9,2,,0.8478260636,PDW_1526,,PD-L1
36170,8,PD-L1,watermark_0.1,Backbone 9,3,,0.7816091776,PDW_1527,,PD-L1
35772,8,PD-L1,watermark_0.1,Backbone 9,4,,0.7954545617,PDW_1528,,PD-L1
47549,8,PD-L1,watermark_0.1,Backbone 9,5,,0.835164845,PDW_1529,,PD-L1
35630,8,PD-L1,Negative Control watermark_0.1,Backbone 5,4,,0.8000000119,PDW_1530,,PD-L1
19789,9,PD-L1,watermark_0.5,Backbone 0,0,0.5563964248,,PDW_1531,,PD-L1
60930,9,PD-L1,watermark_0.5,Backbone 0,1,0.5688495636,,PDW_1532,,PD-L1
75878,9,PD-L1,watermark_0.5,Backbone 0,2,0.5693693757,,PDW_1533,,PD-L1
38202,9,PD-L1,watermark_0.5,Backbone 0,3,0.5611215234,,PDW_1534,,PD-L1
5302,9,PD-L1,watermark_0.5,Backbone 0,4,0.5600000024,,PDW_1535,,PD-L1
36103,9,PD-L1,watermark_0.5,Backbone 0,5,0.5652173758,,PDW_1536,,PD-L1
41215,9,PD-L1,watermark_0.5,Backbone 1,0,0.547526896,,PDW_1537,,PD-L1
63706,9,PD-L1,watermark_0.5,Backbone 1,1,0.5489109159,,PDW_1538,,PD-L1
11190,9,PD-L1,watermark_0.5,Backbone 1,2,0.5482828021,,PDW_1539,,PD-L1
63591,9,PD-L1,watermark_0.5,Backbone 1,3,0.5549473763,,PDW_1540,,PD-L1
67314,9,PD-L1,watermark_0.5,Backbone 1,4,0.55400002,,PDW_1541,,PD-L1
55656,9,PD-L1,watermark_0.5,Backbone 1,5,0.5546938777,,PDW_1542,,PD-L1
2761,9,PD-L1,watermark_0.5,Backbone 10,0,0.5533333421,,PDW_1543,,PD-L1
68934,9,PD-L1,watermark_0.5,Backbone 10,1,0.5464220047,,PDW_1544,,PD-L1
70218,9,PD-L1,watermark_0.5,Backbone 10,2,0.5661538243,,PDW_1545,,PD-L1
47744,9,PD-L1,watermark_0.5,Backbone 10,3,0.5522935987,,PDW_1546,,PD-L1
69099,9,PD-L1,watermark_0.5,Backbone 10,4,0.5543925166,,PDW_1547,,PD-L1
51035,9,PD-L1,watermark_0.5,Backbone 10,5,0.5633333325,,PDW_1548,,PD-L1
80899,9,PD-L1,watermark_0.5,Backbone 11,0,0.5473972559,,PDW_1549,,PD-L1
57371,9,PD-L1,watermark_0.5,Backbone 11,1,0.5472000241,,PDW_1550,,PD-L1
45202,9,PD-L1,watermark_0.5,Backbone 11,2,0.5544444323,,PDW_1551,,PD-L1
25434,9,PD-L1,watermark_0.5,Backbone 11,3,0.5511764884,,PDW_1552,,PD-L1
11274,9,PD-L1,watermark_0.5,Backbone 11,4,0.5519999862,,PDW_1553,,PD-L1
35897,9,PD-L1,watermark_0.5,Backbone 11,5,0.5490909219,,PDW_1554,,PD-L1
85657,9,PD-L1,watermark_0.5,Backbone 12,0,0.5668292642,,PDW_1555,,PD-L1
37000,9,PD-L1,watermark_0.5,Backbone 12,1,0.5521839261,,PDW_1556,,PD-L1
82120,9,PD-L1,watermark_0.5,Backbone 12,2,0.5548235178,,PDW_1557,,PD-L1
18079,9,PD-L1,watermark_0.5,Backbone 12,3,0.5590697527,,PDW_1558,,PD-L1
51633,9,PD-L1,watermark_0.5,Backbone 12,4,0.5689411759,,PDW_1559,,PD-L1
36637,9,PD-L1,watermark_0.5,Backbone 12,5,0.5586206913,,PDW_1560,,PD-L1
30024,9,PD-L1,watermark_0.5,Backbone 13,0,0.5457777977,,PDW_1561,,PD-L1
87887,9,PD-L1,watermark_0.5,Backbone 13,1,0.5570212603,,PDW_1562,,PD-L1
88194,9,PD-L1,watermark_0.5,Backbone 13,2,0.5552688241,,PDW_1563,,PD-L1
31466,9,PD-L1,watermark_0.5,Backbone 13,3,0.5556522012,,PDW_1564,,PD-L1
87898,9,PD-L1,watermark_0.5,Backbone 13,4,0.5452173948,,PDW_1565,,PD-L1
31486,9,PD-L1,watermark_0.5,Backbone 13,5,0.5527659655,,PDW_1566,,PD-L1
53528,9,PD-L1,watermark_0.5,Backbone 14,0,0.5521739125,,PDW_1567,,PD-L1
41815,9,PD-L1,watermark_0.5,Backbone 14,1,0.5565217137,,PDW_1568,,PD-L1
86833,9,PD-L1,watermark_0.5,Backbone 14,2,0.5664516091,,PDW_1569,,PD-L1
41849,9,PD-L1,watermark_0.5,Backbone 14,3,0.5541052818,,PDW_1570,,PD-L1
86769,9,PD-L1,watermark_0.5,Backbone 14,5,0.5608695745,,PDW_1571,,PD-L1
72027,9,PD-L1,watermark_0.5,Backbone 2,0,0.5674576163,,PDW_1572,,PD-L1
26551,9,PD-L1,watermark_0.5,Backbone 2,1,0.5655172467,,PDW_1573,,PD-L1
48064,9,PD-L1,watermark_0.5,Backbone 2,2,0.5557894707,,PDW_1574,,PD-L1
2892,9,PD-L1,watermark_0.5,Backbone 2,3,0.555254221,,PDW_1575,,PD-L1
15448,9,PD-L1,watermark_0.5,Backbone 2,4,0.5489655137,,PDW_1576,,PD-L1
2957,9,PD-L1,watermark_0.5,Backbone 2,5,0.5675861835,,PDW_1577,,PD-L1
78407,9,PD-L1,watermark_0.5,Backbone 3,0,0.5595454574,,PDW_1578,,PD-L1
22141,9,PD-L1,watermark_0.5,Backbone 3,1,0.547111094,,PDW_1579,,PD-L1
63171,9,PD-L1,watermark_0.5,Backbone 3,2,0.5591208935,,PDW_1580,,PD-L1
22265,9,PD-L1,watermark_0.5,Backbone 3,3,0.5609195232,,PDW_1581,,PD-L1
7170,9,PD-L1,watermark_0.5,Backbone 3,4,0.5551111102,,PDW_1582,,PD-L1
85308,9,PD-L1,watermark_0.5,Backbone 3,5,0.5538461804,,PDW_1583,,PD-L1
35731,9,PD-L1,watermark_0.5,Backbone 4,0,0.5479645729,,PDW_1584,,PD-L1
50542,9,PD-L1,watermark_0.5,Backbone 4,1,0.5519266129,,PDW_1585,,PD-L1
16262,9,PD-L1,watermark_0.5,Backbone 4,2,0.5600000024,,PDW_1586,,PD-L1
34729,9,PD-L1,watermark_0.5,Backbone 4,3,0.5534545183,,PDW_1587,,PD-L1
80199,9,PD-L1,watermark_0.5,Backbone 4,4,0.5510280132,,PDW_1588,,PD-L1
72652,9,PD-L1,watermark_0.5,Backbone 4,5,0.5500000119,,PDW_1589,,PD-L1
13702,9,PD-L1,watermark_0.5,Backbone 5,0,0.5465420485,,PDW_1590,,PD-L1
46155,9,PD-L1,watermark_0.5,Backbone 5,1,0.5453465581,,PDW_1591,,PD-L1
58501,9,PD-L1,watermark_0.5,Backbone 5,2,0.5607767105,,PDW_1592,,PD-L1
70010,9,PD-L1,watermark_0.5,Backbone 5,3,0.5467924476,,PDW_1593,,PD-L1
2496,9,PD-L1,watermark_0.5,Backbone 5,4,0.5452830195,,PDW_1594,,PD-L1
56306,9,PD-L1,watermark_0.5,Backbone 5,5,0.5498113036,,PDW_1595,,PD-L1
32905,9,PD-L1,watermark_0.5,Backbone 6,0,0.5577272773,,PDW_1596,,PD-L1
10265,9,PD-L1,watermark_0.5,Backbone 6,1,0.5573333502,,PDW_1597,,PD-L1
44049,9,PD-L1,watermark_0.5,Backbone 6,2,0.5723077059,,PDW_1598,,PD-L1
32242,9,PD-L1,watermark_0.5,Backbone 6,3,0.5565217137,,PDW_1599,,PD-L1
88929,9,PD-L1,watermark_0.5,Backbone 6,4,0.5680000186,,PDW_1600,,PD-L1
44023,9,PD-L1,watermark_0.5,Backbone 6,5,0.5522580743,,PDW_1601,,PD-L1
74119,9,PD-L1,watermark_0.5,Backbone 7,0,0.5545945764,,PDW_1602,,PD-L1
51537,9,PD-L1,watermark_0.5,Backbone 7,1,0.5539622903,,PDW_1603,,PD-L1
28782,9,PD-L1,watermark_0.5,Backbone 7,2,0.5526922941,,PDW_1604,,PD-L1
6111,9,PD-L1,watermark_0.5,Backbone 7,3,0.5596428514,,PDW_1605,,PD-L1
74010,9,PD-L1,watermark_0.5,Backbone 7,4,0.5534545183,,PDW_1606,,PD-L1
17809,9,PD-L1,watermark_0.5,Backbone 7,5,0.5453913212,,PDW_1607,,PD-L1
3816,9,PD-L1,watermark_0.5,Backbone 8,0,0.5500000119,,PDW_1608,,PD-L1
4877,9,PD-L1,watermark_0.5,Backbone 8,1,0.5677551031,,PDW_1609,,PD-L1
76811,9,PD-L1,watermark_0.5,Backbone 8,2,0.5587878823,,PDW_1610,,PD-L1
38648,9,PD-L1,watermark_0.5,Backbone 8,3,0.560408175,,PDW_1611,,PD-L1
61465,9,PD-L1,watermark_0.5,Backbone 8,4,0.5632323027,,PDW_1612,,PD-L1
39358,9,PD-L1,watermark_0.5,Backbone 8,5,0.5608163476,,PDW_1613,,PD-L1
59448,9,PD-L1,watermark_0.5,Backbone 9,0,0.551363647,,PDW_1614,,PD-L1
71209,9,PD-L1,watermark_0.5,Backbone 9,1,0.5465168357,,PDW_1615,,PD-L1
70457,9,PD-L1,watermark_0.5,Backbone 9,2,0.553478241,,PDW_1616,,PD-L1
14459,9,PD-L1,watermark_0.5,Backbone 9,3,0.5496629477,,PDW_1617,,PD-L1
48992,9,PD-L1,watermark_0.5,Backbone 9,4,0.5501123667,,PDW_1618,,PD-L1
26482,9,PD-L1,watermark_0.5,Backbone 9,5,0.5450549722,,PDW_1619,,PD-L1
18323,9,PD-L1,Negative Control watermark_0.5,Backbone 5,4,0.5542342067,,PDW_1620,,PD-L1
